Unnamed: 0,comments,label
0,lihat rekam jejak,0
1,almarhum ibu saya rawat di icu hampir satu bulan tanpa biaya sedikit alias gratis pakai bpjs,0
2,anies bual,0
3,ini seperti dia tidak tahu situasi sehat lama ini dia tidak kenal bpjs seperti asal bicara tanpa kenal fakta,1
4,ah omong doang saat jadi gubenur apa hasil untuk sehat warga dki hanya ganti nama rumah sakit jadi rumah sehat saja orang nya tetap sakit jadi sehat tetap ssh pelayananny yang jls dulu zaman gubenur foke jls nyata laku obat gratis kalo warga dki,0
5,agan agan percaya bakal calon presiden semua itu cuma pidato kampanye kalau sudah jadi same saja,0
6,lah di jakarta tidak beresx tuh pak jaman bapak jabat biaya sehat dan didik jaman gubenur belum besar dan masy rasa lah jaman bapak malah alami turun puskesmas pun belum bangun lama tahun sekarang demi nyapres bicara sehat seolahx anda peduli dengan masy padahal hanya untuk penting politik hahahaha salam waras pak,0
7,alhamdulillah pakai bpjs tidak bikin miskin,0
8,anak saya patah tulang corvikulla alhamdulillah biyaya obat gerat tis karena saya pakai bpjs dan rutin bayar wajib saya layan bagus dan ramaah,1
9,alhamdulillah sembuh dengan rp lama hari awat di rscm,1
10,harus ganti semua jadi rumah sehat ya,0
11,lah omong saja loh gampang sudah jabat semua lupa,0
12,mantap pak aniess,1
13,lah dulu jadi gubernur kok diam baik ini mau calon saja koar,1
14,allhamdulilah istri saya lahir di operasi sesar pakai bpjs tidak keluar duit sama sekali di rs dan layan juga bagus dan ramah ramah dokter suster,0
15,duh padahal bpjs sekarang sudah bagus kritik terus padahal beliau mimpin jakarta kacau,1
16,bang anies aneh semua pakai bpjs orang kaya saja pada pakai bpjs data arang piye orang seperti ini ingin jadi presiden harus yang di kritik antri bpjs terlalu lama,0
17,kampung saya masuk pelosok tapi jujur kemarin bawa ibu obat ke rsud gratis kok bpjs yang biaya,1
18,hahaha halu kamu wan sejak bpjs aktif rakyat kecil banyak yang tolong lu mana saja tidur,1
19,di surabaya yang tidak mampu malah gratis tambah miskin darimana nies kamu omong asbun saja tebar bohong bpjs jelas banyak manfaat obat gratis juga,0
20,karena turut anis pulang dari rumah sakit pasien jadi kayak hahaha logika kocak,0
21,dp rp yang cuma di daerah saja gagal apalagi sehat kelas nasional deh lah pak tidak sanggup anda,0
22,puskesmas di dki kenapa tidak bangun pak jaman bapak jadi gubernur hanya puskesmas yang bangun kan kasihan masyakat pak,1
23,ada bpjs drun ibu mertua ku habis operasi gratis karena ada bpjs ini calon presiden nasdem ngawur kalo omong tidak jelas,1
24,hadehh basi nih program nya nasdem hanya buang duit saja calon sih kawan ini,1
25,bayang kalo orang ini kuasa rumah sakit ganti jadi rumah sehat saudara saya gagal jantung sampai operasi gratis karena ada bpjs bayang kalo tidak ada mungkin rumah jual untuk obat yang penting bayar angsur pasti aman,0
26,ada pasien di icu rumah sakit kami habis sekitar juta alhamdulillah bpjs dan gratis,1
27,pak anis yang hormat narasi anda tentang sehat sangat sedih kemarin saya operasi batu ginjal pakai bpjs aman lancar jaya pak layan sehat sudah makin bagus,0
28,anies presiden klik tombol pak anies calon presiden yang sangat cinta seluruh rakyat indonesia karena prestasi cerdas dan santun meski jegal didzalimi dan fitnah oleh rezim tapi beliau tetap senyum hati lapang dan doa baik bagi seluruh rakyat indonesia tanpa kecuali masuk kepada yang celaka dan fitnah calon presiden yang adil hadap semua suku umat agama ras dan antar golong,1
29,sekarang pasang ring jantung bisa dengan bpjs gratis obat ke puskesmas gratis periksa darah gigi dan lain hanya tunjuk ktp,1
30,adik saya kena kanker usus obat di bpjs dan dapat kartu kis kartu indonesia sehat dari jokowi semua gratis obat di rspad jakarta semua sudah di otak pak jokowi undonesia harus seperti apa presudent yang dulu ada berantas korupsi tidak nis anda sendiri tidak bisa krj tapi cari celah buat penting anda niss tobat ambisi mu akan hancur indonesia karena tahun anda ongkang kaki baik nis,0
31,bapak anis tidak punya bpjs ya saya pakai bpjs gratis orang tua saya sakit kanker dari obat kemo hingga operasi tanggung bpjs shgga saya tidak banyak keluar biaya di rumah sakit,0
32,anis di dki gratis semua kok lama jadi gubernur percaya kalau tidak percaya kamu pasti waras,0
33,halah dia jadi gubernur dki tahun cuma bisa bangun puskesmas biji saja kok bisa oceh kayak begitu,0
34,kalo hanya dar narasi anak tak pun bisa coba dukung tanya kongkritnya seperti apa dia beres jangan fanatik buta jangan hanya dar tepuk tangan negara maju karena bagi besar logika rakyat nya fungsi dengan baik,0
35,anies presiden klik tombol dunia internasional nobat anies baswedan bagai salah satu daftar tokoh intelektual dunia daftar ini terbit majalah foreign policy terbit carnegie endowment for international peace yang pusat di washington as dunia internasional juga nobat anies baswedan bagai salah satu dari tokoh yang bawa ubah dunia nama tengger dengan tokoh dunia lain antara perdana menteri rusia vladimir putin presiden venezuela hugo chavez menlu inggris david miliband anggota parlemen dan sekjen indian national congress india rahul gandhi serta politis muda partai republik dan anggota house of representative as paul ryan daftar ini terbit majalah foresight di jepang biar saya tidak bilang bohong sila klik google terima kasih,0
36,ngadi ngadi saya bagai tenaga sehat tahu persis semua tanggung bpjs dan pasien sama sekali tidak bayar peser pun kami ini tenaga sehat yang justru kerja tapi hutang oleh bpjs bpjs bisa mungkin bilang sakit pasien tidak tanggung bpjs kalo aku harus bayar bawah yang sudah pakai dan butuh pasien bpjs hanya bayar tiap bulan tenaga sehat hanya bayar kalo bpjs bayar kalo tidak bayar ya tenaga sehat tidak bayar kalo sampai claim lebih tinggi dari bayar bpjs maka selisih potong dari gaji tenaga sehat yang sudah minus selang beberapa tahun bpjs bisa minta kembali uang yang sudah bayar serta denda alas error code tenaga sehat hanya bayar sangat amat minimal per pasien dokter spesialis hanya ribu pasien dokter umum hanya ribu pasien bidan awat ribu pasien jadi jangan ngadi ngadi ya yang kasihan tuh tenaga sehat sudah bayar minim kerja maksimal potong pula kalo pasien butuh banyak,0
37,anies presiden klik tombol dunia internasional nobat anies baswedan bagai salah satu daftar tokoh intelektual dunia dunia internasional juga nobat anies baswedan bagai salah satu dari tokoh yang bawa ubah dunia nama tengger dengan tokoh dunia lain antara perdana menteri rusia vladimir putin presiden venezuela hugo chavez menlu inggris david miliband biar saya tidak bilang bohong sila klik google terima kasih,0
38,nies tetangga gue itu sakit kanker otak dari awal pmeriksaan operasi dan awat tanggung bpjs bayang jika tidak ada bpjs biaya sampai ratus juta keponakan saya operasi cesar biaya bpjs jangan tebar bohong hanya karena sahwat ingin jadi presiden,0
39,tidak pakai muter ganjar lanjut presiden pasti klik,1
40,kan sudah ada bpjs di daerah saya tidak ada lagi cerita orang tidak bisa obat karena semua punya bpjs,0
41,negara yang duduk nya tidak pernah baca data akan pengaruh dengan ucapanya,0
42,ini orang tinggal mana ya sejak kapan sakit tidak bisa obat orang tidak mampu tanggung bpjs kok jelas jual agama saja mending ahli anda pak pasti banyak yang percaya dukung anda,0
43,presiden rumah sehat aniesbaswedan sudah ada bpjskesehatan ri bray kenapa nyebutnya masih rumah sakit ya,0
44,maksud dia orang miskin sekarang bisa obat waktu jaman orba orang miskin tidak bisa obat tidak bisa move on rakyat deh pintar pak deh tidak ada lagi yang pak aniesbaswedan bilang,0
45,banyak bacot banjir tidak beres jalan di lobangin mau urus orang pakai otak tahu malu pak aniesbaswedan,0
46,jadi bakal calon presiden cuma modal nyinyir aniesbaswedan,1
47,jangan omong kosong anda aniesbaswedan saya obat di rs pakai bpjs dan gratis tidak gratis kalau hak anda kelas awat kelas tapi anda mau naik ke kelas vip atau vvip jadi kalau sampai miskin anda bohong,0
48,mamak saya sakit jenis kanker semua biaya obat biaya oleh bpjskesehatan ri di kelas kami syukur sekali dengan fasilitas layan sehat yang sudah lebih baik dan maju,1
49,ibu saya pakai bpjs pasang ring jantung gratis operasi katarak kanan kiri gratis operasi tumor payudara gratiiss tis kalo tidak percaya berkas masih ada semua saya,0
50,alhamdulillah keluarga saya ada beberapa tindak operasi gratis semua pakai bpjs sing penting berkas administrasi lengkap jadi apa yang anda bicara nol,0
51,tidak ah bpjs sangat bantu,0
52,tukangibul,0
53,anies tidak pernah pakai bpjs,0
54,calon presiden rumah sehat,1
55,keluarga saya tolong dengan bpjs bos banyak bohong kamu tong awas ubah nama jadi rumah sehat,0
56,apa janji yang jadi dasar itu contoh rumah dp,0
57,hahahha apa ada rencana mau robah nama pak biar sesuai selera,0
58,jika jalan hidup sulit kacau coba rubah nama jalan,1
59,rumah dp persen saja tidak jalan,1
60,ini orang yang bilang kalo mau sehat harus sakit dulu,1
61,kok di ganti lagi ke rumah sakit bukan nya rumah sehat biar pulang sehat,0
62,nanti dganti jadi rumah sehat,0
63,kemarin bilang rumah sehat sekarang bilang rumah miskin akhir jadi rumah gurun,0
64,bpjs ada banyak yang obat gratis dan malah banyak yang obat gratis tanpa bayar iur kartu sehat nama,0
65,cuma bisa omong saja apa solusi dari yohanis,1
66,wan bacot bisa wacana dan narasi kerja mah tidak becus,0
67,hahaha jakarta saja amburadul karena dia,0
68,wan aiboon wan lebih bayar,0
69,bacot saja sampai tetes iler,0
70,nis memang masih laku jual bohong terus,0
71,bohong bohong bohong anjing,0
72,banyak omong,0
73,lah kok lucu kan sudah ada bpjs akak,0
74,aduh bos mana mana pemkab pemprov sudah sedia faskes untuk rakyat miskin,0
75,solusi ubah nama rumah sakit jadi rumah sehat anies cerdaas,1
76,duh manusia ruwet jagat kalo omong selalu blunder kemarin bilang rumah sehat sekarang bilang rumah sakit,0
77,kata rumah sehat kenapa jadi rumahsakit lagi nyebutnya,0
78,wam bacot bin tipu bin munafik bin oon bin tidak bisa kerja nyata bin lebih bayar ancurr,1
79,tukang tipu muslihat,0
80,mau di gratis semua begitu darimana duit programu rumah dp di jakarta saja gatot makanya kaca dulu belum bacot,0
81,nih orang cuma jago bacot tidak ada hasil muter ngaler ngidul omong tidak karuan tidak ada hasil parah ya calon buat kadrun cocok sih,0
82,aduh jangan dia lupa lagi dengan apa yang ucap janji saja tidak pernah tepat banyak uap tiup angin,0
83,kenapa saya rasa jijik ya tiap lihat orang ini apalagi kalo lagi orasi seperti ini,0
85,tidak ada lawan lah spesiapisasi dongeng,0
86,orang yaman memang enggak bisa obat soal enggak ada bpjs,1
87,ngebacot mah tukang beca juga bisa,0
88,asal omong,0
89,kata tidak ada rumah sakit tapi rumah sehat karena untuk sehat harus sakit dulu,0
90,aduh sedih berfikirnya orang ini,1
91,apa yang mau di sotot nies sorot geblek hahaha,0
92,cukup jakarta saja yang dikibulin habis indonesia jangan sampai ya allah,0
93,apa kabar rumah sehat,0
94,tuh idi wilayah jakarta lagi di gibahin mantan,0
95,dulu juga bilang begitu di jakarta tapi bukti mana tolong isak orang di belakang jangan ada agak itu,1
96,ganti nama rs biar murah,0
97,nis anis omong kamu ribet,0
98,jadi ingat kali di waringin,0
99,pintar omong dia,0
100,blunder dia,0
101,bohong lagi lagi bohong,0
102,ini lelet apa tidak tahu apa kok masih juga ada yang mau dengar kata yang tidak dasar bahkan cenderung tidak mikir memang warga mana hari begini obat pulang miskin kasihan wawas yang dasar dendam hingga otak waras jadi rusak,0
103,anies sus,0
104,semua calon presiden omong kosong cuma bisa janji tidak ada yang berani kasih garansi garansi dari semua janji sama saja semua nya,0
107,ngawur lagi salah data lagi sekarang ini program surabaya terus jokowi dengan bpjs yang duit besar pakai bpjs mandiri yang duit tengah atas masih kerja ikut bpjs badan usaha bpjs keshatan yang subsidi ada bpjs apbn ada pbi apbd kalau waktu anis anda gubenur jalannkan semua bijak pusat rt rw camat lurah bagi bagi kartu sehat yang benar dan baik salur sehat benar di bantu perintah kok baru sekarang mikirnya itu sudah saya buktika operasi tidak bayar peser pun untuk yang pbi apbn apbd itu tanggung perintah wan yohanis yang mahal yang mampu ya biar saja,0
108,ganti saja rumah sakit jadi rumah sehat,0
109,solusi rumah sakit jadi rumah sehat,1
110,ya buat sehat saja masih patungan kenapa pak anies malah bangun ibu kota baru,0
111,bacot bohong tolakkemunduran tolakelebihanbayar tolakprovokator,0
112,kata rumah sehat,0
114,nyorot muluk,0
115,pelan tapi pasti,1
116,waktu di jakarta layan sehat benah,0
117,presedent ini,1
119,sudah pilih cawspres saja tidak becus,0
120,rumah sakit jadi rumah sehat itu program hebat anies,0
122,terus kenapa tunggak bpjs jadi besar ya sekarang omong dia ini fakta atau apa ya karena tau saya semua apa apa sebar bpjs di msayarakat sekitar pak anies ini dapat bahan kampanye dari mana ya,0
123,saya gratis di operasi kantung empedu bpjs,0
124,bukan nama sudah kamu ganti jadi rumah sehat,1
125,tong kosong nyaring bunyi nya,0
126,wan nggedabrus bin bohong,1
127,kalo saja dia bisa laku apa yang kata akan bisa sukses ini orang paling nanti kalo misal jabat kerja hanya ganti nama bpjs jadi bpjk lalu meng klaim itu adalah kerja,0
128,deh habis ide untuk bangun bangsa,0
129,bukan nama rumah sakit sudah ganti jadi rumah sehat oleh beliau waktu lama jabat jadi gabener dki,0
130,pakai bpjs bisa gratis buat yang tidak mampu sekarang sakit tinggal lapor rt saja bantu kok,0
131,ngawur,0
132,kan ada bpjs aco,0
133,mata,0
134,hemm,0
135,kayak bapak ini linglung sudah ada bpjs pak,1
136,tahu saya kalo di rumah sakit telah sembuh boleh pulang bukan telah pulang jadi sembuh apalagi pulang jadi kayak,0
137,bapak ini nyata tidak tahu kalau ada bpjs yang sangat bantu ya nama sakit pasti keluar biaya tapi tidak jadi miskin kok,0
138,akak semua pakai bpjs hahahhahhahah,0
139,solusi bukan omdoo jakarta saja tidak mampu,0
140,titip masalah lingkung hidup juga ya pak,0
141,kabar lama lima tahun mimpin jakarta hanya sanggup bangun puskes satu saja,0
142,pak tapi saya periksa gigi kali bolak balik karena awat salur akar tambal gratis tis tis pakai bpjs padahal tahu kan periksa gigi itu tidak murah,0
143,baca komen sini aniesbaswedan,0
144,kritik terus cari salah terus mental pimpin cari inovasi baru ide baru terobos baru lah prestasi mu kamu apa benar pak,0
145,gaya nggedabrumu tak ada tanding,0
146,bacot,0
147,siapa bilang biaya rumah sakit sekarang mahal rumah sakit dan puskesmas sekarang tuh layan jauh lebih baik dan biaya jangkau masyarakat bawah,0
149,benar banyak harga sangat mahal tidak masuk akal,0
150,tiap omong bawa rakyat miskin jakarta kamu bikin miskin malah cengengesan,0
151,hukum yang harus baik klou ekonomi susah om dari zaman ke zaman susah terus kita nya tidak ada ubah,0
152,nis tolong kamu tinggal mana deh ada bpjs woyy serbaa gratis tis tis tis kerja ngehasut orang terus demi bisa jadi presiden astaga,0
153,cukup jakarta yang amburadul indonesia jangan,0
154,wankibull rajin usaha ngibull,0
155,manusia ini kerja cari salah orang padahal dia pun tidak bisa kerja prestasi ketik az di google gubernur bodoh nama pasti muncul,0
156,aduh muter puyeng,0
157,tidak cocok lah kamu jadi pres jakarta saja tidak urus mau urus negara kamu lebih cocok jadi guru sd sama,0
158,rumah sehat,0
159,kenapa datang ke rumah sakit harus datang rumah sehat,0
160,anis raja bacot omong kosong besar tahun benerin aspal jalan saja tidak bisa kok padahal tinngal ngelanjutin saja susah sekali yohanis yohanis,0
161,dia sendiri tidak sehat,0
162,mulai deh maenan kata kata sekarang sudah ada bpjs gotong royong masyarakat sudah bisa obat semua sudah ada juga yang gratis sedia bila golong tidak mampu tetangga saya ada yang dapat gratis operasi jadi tolong,1
163,massaa sih,0
164,rumah sehat pak,0
165,nyata gagal tangan covid di dki,0
166,kok tidak ada komen positif buat anis itu tanda,0
167,abunawas,0
168,bagaimana kabar rumah sehat pakah akan jadi kayak,0
169,lambe ora mutu sedih,0
170,kita sakit kalo tidak punya bpjs sama dokter saran pakai bpjs,0
171,calon pimpin bicara pesimis selalu,1
172,otomatis ingat pas cerocos dp hasil mbulett,1
173,sudah ada bpjs nis,1
174,tolong pak anies henti kampanye begini tiap nyata selalu saja jelek an tebar benci kasihan rakyat yang dukung p anies jadi sakit karena mikir perintah yang tidak dukung mah sebentar kampanye yang sehat saja pak jangan mirip pilgub,0
175,ahli tata kata sah no debat,1
176,ora nggagas cangkemu nis nis,0
177,makax ubah rumah sakit jadi rumah sehat biar tak ada yang sakit,0
178,teman dulunya pintar sejak dukung anies sekarang goblok luar biasa,0
179,ytta ya ges,0
181,begini kalau niat tinggi diri rendah perintah tidak paham bpjs ini orang,0
182,ganti nama rumah sehat bilang prestasi,0
183,sakit mikir lo lebih bayar anggar di mark up dan hasil kerja tidak guna,0
184,kalo obat tidak pakai bpjs pasti wak,1
185,sudah tidak aneh lagi kalo mau nyapres semua sekror dia sebutin tapi nanti kalo sudah jadi mah sama saja php saja,0
186,kan sudah ada bpjs bagaimana calon presiden ini kayak yang tidak ada isue lain,1
187,kalo dia omong kok tidak percaya ya,0
188,yang benar itu sekolah yang bikin pusing orang tua karena mahal makin mahal tidak seperti zaman dulu sekolah jangkau sekarang sekolah makin keren makin canggih makin hebat tapi mahal luar biasa,0
189,orang tua saya ke dua sakit dan operasi teroid dan sakit kencing manis guna kis dari desa tidak byar alias gratis,0
190,saya ablasio retina operasi kali laser kali istri tabrak harus operasi tulang anak lahir sesar saya juga operasi hernia varikokel tiap sakit kami juga dapat obat gratis di faskes ini yang salah bukan perintah tapi sudut pandang anda yang cuma lihat dari sisi orang kayak yang tidak mau bpjs kaya indra bekyi byar milyaran sampai galang donasi padahal dia artis embasador bpjs karena gengsi,0
191,pas waktu mau jadi gabener juga begini banyak pr yang kata anies bukti tidak ada pr yang kerja yang kata dp juga itu pr dia tapi ya,0
192,lawak,0
193,biaya sehat mahal dan nakes gaji rendah bawah umr jadi lari mana uang,1
195,tong kosong,0
196,nanti kalo wan jadi presiden ganti nama rumahsakit di indonesia jadi rumahsehat seperti di jakarta ya wan biar orang tidak masuk rumahsakit lagi,0
197,lepas dari beberapa kasus yang rugi baik itu rumah sakit atau pasien bpjs adalah tumpu masyarakat almarhum bapak saya sakit jantung full bpjs habis juta free hanya bayar ribu karena upgrade kamar alhamdulillah memang masih banyak kurang yang harus baik tapi manfaat bpjs sudah bisa terima bagi besar rakyat tidak elok rasa samping hasil program yang memang perlu baik cara kontinyu,1
198,sudah ada bpjs,1
199,deh benar dia semua rumah sakit jadi rumah sehat jadi tidak ada lagi alas orang sakit semua otomatis sehat hanya dengan ubah nama rumah sakit se indonesia jadi rumah sehat deh tidak perlu dokter obat dan lain semua otomatis sehat karena deh tidak ada istilah ke rumah sakit,0
200,ogah banget dukung anis,1
201,saya sakit ambeien parah operasi sampai sembuh alhamdulillah demi allah tidak ngluarin duit peser terimakasih perintah,1
202,anda memang paling pintar olah kata,0
203,ini orang pintar omong kerja becus,0
204,anies harus jadi sinden di bicara manis sekali,0
205,apbn dan apbd untuk sehat nyata buat makan orang yang sehat cara ilegal bukan untuk yang sakit makanya biaya mahal,0
206,alhamdulillah betul saya rumah sakit obat pakai bpjs,1
207,aniesbaswedan mana sehatt,0
208,mau muntah saya tiap dengar dia omong mulut ngeri,0
209,kata kalau sakit datang ke rumah sehat kok lupa dengan omong sendiri,0
210,ada gula,0
211,hingga yang tidak mampu bayar bpjs pun bayar pemkot pak namanta pbi samoe operasi lahir gratis tis,0
212,mungkin itu karena tidak beres dki jakarta dua jabat,0
213,sudah cek tidak ada buzzer anis mana ya mereka biasa kalau ada berita anis selalu nongol buzzernya,0
214,betapa banyak warga jakarta yang tidak tangan baik saat covid sampai perintah pusat harus turun tangan langsung padahal uang jakarta limpah di banding daerah lain lalu dengan bangga kata hasil tangan covid adalah hasil kerja sama,1
215,tahu anis tidak dekat dengan rakyat kecil di lapang dia hanya dekat dengan rakyat kadrun yang benci perintah dan anti bpjs saya guna bpjs dan sangat berterimakasih kepada perintah karena sekarang layan sehat jauh lebih bagus di rs purwokerto ruang kelas tiga saja sudah ber ac dengan layan yang profesional,0
216,awas saja kalo nanti benar pilih jadi presiden ri nyata sama saja bahkan lebih buruk saya kutuk bapak jadi batu kerikil di lintas kereta biar tiap hari di lindesin sama orang yang lewat,0
217,maaf bapak anis jangan terllu banyak bicara baik tunjuk kerja anda,0
218,blunder alhamdulillah papa operasi katarak pakai bpjs mama gejala stroke juga pakai bpjs gratis,1
219,tombol bacoodd,0
220,mbulett koyo entot nek omong niss,0
222,bagaimana nih orang ya tidak sadar lama dia jadi gubenur dki apa yang bisa dia ikan tidak ada yang ada bacot saja nih wan abud,0
223,calon presiden ini tidak ada yang sreg,1
224,lanjut omong kosong pak aniees,0
225,birokrasi benerin,0
226,data jalan ngawur data pupuk asal ini apalagi ini,1
227,niss niss kurang omong kosong mu,0
228,mau kibulin part lagi,0
230,tak guyu saja penting ojok iki dadi pleciden,0
231,makanya ada bpjs saya opname hari tidak bayar lo mau bikin ubah nanti malah hancur bpjs,0
232,bpjs vs swasta,0
233,bacoot saja padahal cuma bisa rubah nama,0
235,sdhlah orang indonesia sudah pada pintar tidak usah janji manis bagai es campur ini negara bos bukan kota atau kabupaten yang mau urus terus kalo bapak jadi presiden sehat di negeri ini mau di gimanain,0
236,pak anies jangan kami beri janji kosong lagi bapak jangan bual lagi saya rasa banyak sekali bantu perintah yang saya rasa saya sakit opname gratis saya kena covid opname gratis saya operasi katarak tanam lensa dapat kacamata gratis apalagi yang kurang apalagi yang ubah cukup sudah pak bapak tidak usah janji yang muluk muluk lagi,0
237,baharu apa sih nis sebut rumah sakit jadi rumah sehat,0
238,calon presiden yang gagal jadi presiden kalo ganggu jiwa memang tidak tanggung bpjs,0
239,bukan rumah sakit ganti jadi rumah sehat broh,0
240,itu dulu belum jaman pak jokowi telah pak jokowi jadi presiden semua rs antri coba cek dharmais tara sumber waras,1
241,sih manis ini sedang sakit kapan ubah jadi sih manis sehat,1
242,ini sih anies busuk baru keluar dari hutan rimba dulu saat jabat jadi gubernur saja tidak pernah perhati sehat masyarakat bahkan saat covid pun bisa nya cuma lepas tangan bikin tugu peti mati doang lalu di saat mau akhir jabat hanya bisa rubah rumah sakit jadi rumah sehat boro pikir sehat masyarakat di dki ini fakta bukan bohong,1
244,sorat sorot sorat sorot koyo iso mbenahi saja ndeez ndezz gagas gagas sok nggagas padahal jangan ra tahu nggagas,1
245,melet weh,0
246,makin lama makin halu,0
247,harus anies kalo blusukan bawa dukung mirip amin rais roki gerung biar masyarakat percaya,0
248,saya di operasi di rs kali dan semua nya gratis dan di bayar bpjs ya kalau ikut bpjs pasti kena puluh juta saya cuba bayar ribu per bulan,0
249,teori begitu nanti praktek kembali lagi ke settingan awal,0
250,arang nih orang jalan deh ke rs harap kita tiap hari ada orang yang operasi bypass jantung gratis pakai bpjs,1
251,ndebrus,0
252,bisa lapor karena berita bohong dan bohong karena tanpa bukti kemenkes ri bpjskesehatan ri,0
253,saudara saya pakai bpjs operasi juta gratis jangan ngadi lah drun anda bisa nya nyinyir perintah kerja kamu saja di jakarta hancur lebur,0
254,hidup rumah o parkir air hidup yaman,0
255,tidak usah bicara scope indonesia lah dki jakarta saja amburadul,0
256,pak anis orang miskin punya jkn yang gratis kalo sakit,0
257,nies nies,0
259,berakk kebon,0
260,bpjs ada nis kalo bicara jangan bohong,0
261,makanya pak kalau ada program perintah mbok ya di mengepoi sedikit kenapa ada bpjs sehat bayar sesuai kelas dan kis gratis bagi rakyat tidak mampu itu yang jadi miskin sudah ikut program perintah tidak mbok ya galak dukung untuk ikut program perintah saya lahir cesar awat bayi lama hari di rumah sakit semua gratis karena ikut program perintah,0
262,anis hanya bisa politisasi rakyat orang miskin semua nya sudah gratis ber obat pakai bpjs kalo ada yang yang belum di ikut bpjs jadi salah nya aparat tempat dia mantan gubenur tapi pura pura tidak tahu fakta anis jadi gubernur tahun orang miskin dki juta jiwa ribu jiwa dan ribu jiwa dan september akhir anis jabat jadi ribu jiwa data bps dari berita megapolitan padahal apbd dki besar se indonesia hampir t jadi jangan percaya dulu lihat rekam jejak anis bisa kerja atau hanya pandai bicara,0
263,terus anda mau buat ubah apa dengan itu kita rakyat tunggu solusi bukan cuma pr kalo jadi pr kita rakyat yang suruh jawab,0
264,ponakan saya kena kanker darah sudah bulna awat full cover pakai bpjs nis nis kapan sih henti jual yang aneh,0
265,ini orang kritik tanpa data kok bisa calon jadi presiden,1
267,susah sudah biasa tebar bohong memang dia pikirin yang penting yang dengar dongeng indah makanya mungkin rumah sakit ganti rumah sehat itu buat asih terapi jiwa supaya yang sakit mikir pas rawat pasti sehat poll tapi kok nyebutnya rumah sakit cii lihat kan kalo dulu tuh cuma asbun banyak bohong memang suka lupa maka nih bukti kepleset deh rumah sehat bilang rumah sakit lagee,0
268,alhamdulillah pak banyak saudara saya bantu dengan bpjs dari pasang ring masuk icu sampai cuci darah tanggung bpjs bayang kalau pakai uang sendiri sudah bisa sampai jual rumah saran saja pak kalo mau buat statement cek anda ricek kembali lihat fakta lapang,0
269,maaf saudara pak anies baswedan belum tahu kalau sudah ada bpjs jamin sehat rakyat indonesia maaf ya teman,0
270,promosi bekam ruqiah dan kencing onta,0
271,rakyat mana yang telah pulang dari rumah sakit terus jatuh miskin pak yohanis,0
272,tolong di cek urin dulu belum orasi kok omong selalu ngelantur tanpa solusi ini orang asal bapak tahu saja zaman sekarang bpjs sudah banyak bantu banding rezim pak surabaya milik partai demokrat dulu,1
273,halah sok sorot tentang sehat masyarakat indonesia paling ujung mau rumah nama rumah sakit jadi rumah sehat persis laku waktu jadi gubernur dki,0
274,mungkin dia lupa saat jadi gubernur kan ada kis dan bpjs,1
275,tahun gubernur hanya bangun puskesmas saja sementara masih ada keluar yang tidak punya puskesmas sekarang bicara tentang sehat yang cakup lebih luas kalau saya sing tidak percaya anies mampu,0
276,bukan dengan bpjs masyarakat bisa obat gratis walau layan masih perlu di tingkat,0
277,ini orang makin banyak bicara kok saya makin sama quran surat at taubah ya kena kaum yang munafik,0
279,apa yang omong lo sudah jalan waktu jadi gabener dki bro,1
280,kalo bohong memang jago nya orang ini sulit lawan kapann bisa taubat ya,1
281,turut anies jika jadi pleciden dia akan rubah nama rumah sakit mwnjadi rumah sehat dengan begitu yang tadi sakit langsung sehat tidak perlu obat,1
282,alhamdulillah ini baru presiden pak anis baswedan kerja cerdas amanah jujur tidak kayak jkw presiden yang bisa utang unt modal oligarki dan partai ekonomi hukum demokrasi hancur,1
283,woi dp nol apartemen kamu bagaimana kabare,0
284,rakyat dengar pidato jadi masuk rs,1
285,halu talib,0
287,sakit bicara,0
288,alamaakk salah doski sekarang justru makin baik sistim sehat ri bpjs sangat tolong,1
289,lupa sebut rumah sehat,0
290,di medan sini ada yang sama enteh boed ngocap saja pandeh,0
291,mari kita contoh rakyat jakarta semua masyarakat gratis dan trjangkau soal sehat,0
292,main jangan diawann saja bos sd lama obat pakai bpjs gratis tiss,0
293,goblok tidak habis habis calon presiden satu ini,1
294,mong koyok ngene wae bakal presiden sih opo dukung nya tidak salah ayo,1
295,gomball,0
296,kalau masuk ke sumur resap bagaimana,1
297,saya sih poppa mau ingat ke sih nganies jangan sampai rakjat pinggir rakjat miskin rakjat yang sedeng syakit keras serta keluarga des kerabat nya muarrah buessarr sama kamu kenapa sampai marah besar karena mereka ini tahu kalo mereka ini sedeng guna suara untuk penting nya kamu anies baswedan untuk cape titik puncak ingin kamu yang semua janji plasu yang semua janji nol dp,0
298,tanggung jawab omong di akhirat juga ya,0
299,mulai lagi deh obat habis ya,0
300,ku indak punya bpjs juga gratis memang ada yang habis dari rs miskin anehh,1
301,orang yang kepala ada cuma mulut saja otak nya sedikit,1
302,kalo mau kayak masuk lah ke rumah sehat,1
303,omong saja bosan dengar,0
304,dukung mu itu yang pada tidak sehat pak,1
305,lambene anis,0
306,anies ini cakap saja pande nya kerja amburadul kalo bukan karena maju yang buat pak jokowi jakarta ambiradul tang dia cuma buat jpo jis tidak kepake jalur sepeda tidak kepake batu gabon bambu mesum dp gagal baik baik gagal resap air ke bumi gagal mrt lrt kreta api cepat jalan bagus tol bangun banyak bantu banyak start up digital bagus dunia ekonomi bagus dunia military bagus dunia,0
307,puskesmas kak tanpa bpjs mahal iya mahal kalo kak dollar,0
308,kalo ada berita dan gambar ini orang jadi malas lihat cuma pintar omong tapi tidak bisa kerja wakru jadi gubernur dki cuma bisa tebang pohon monas dan pintar bikin lubang bikin kita celaka akhir lebih bayar xi xi xi,0
309,menungso sithok ki gaweane nyacat ro nyocot tok tapi nek kon kerjo kok,0
310,alhamdulillah lahir sesar gratis pak,1
311,wan abut naturalisasi kewarganegaraan dulu baru masoke dalam bumi,0
312,rumah sehat di dki jakarta bagaimana wan abud omong doang,0
314,wah iya begitu pak seperti kacamata bapak sudah harus segera ganti deh gelap pak,1
315,saya obat ke rs gratis tanggung bpjs layan rs bagus dokter suster selalu bantu pasien,1
316,dari pada dengar dia bicara mending lihat ipin dan upin,0
317,manusia halu,0
318,ahhaahhahaa abang anis mah mmng hebat khusus buat bang anis banyak pr untuk ganti nama se indonesia nanti,0
319,ah negara indak maju nis malah mundur bisa juga jatuh kalo abang yang mimpin mending jadi doosen deh,0
320,gubernur saja jakarta amburadul,0
321,waton nyontong,0
322,anan ku obat di puskesmas cuma bawa kakak dan ktp tidak ada bayar apa,1
323,oh anies dp saja tidak bisa kamu wujud normalisasi jadi naturalisasi juga tidak jelas wujud konon lagi kamu bahas tentang sehat indonesia kwkwkwkwk,1
324,ora saya blass,0
325,turut ku enggak tinggi sih hanya upah kerja dan gaji buruh lepas saja yang terlalu murah kalau saja harga kerja buruh lepas swasta naik persen atau minimal tara dengan gaji anggota dewan pasti banyak rakyat kecil yang kuat untuk obat,0
326,alah,0
327,dengan tidak pilih anis kita sudah partisipasi dalam selamat indonesia,0
328,serah apa kata kamu deh,0
329,mantap akan kah negeri ini pimpin oleh sosok psycopat,1
330,habis ini undang undang omnibuslaw cuma persen dari apbn,1
331,sudah bung jangan kayak orang tlol makin malu diri sendiri,0
332,saya kemarin periksa mata pakai bpjs kok kerabat juga operasi pakai,0
333,gilanii niss omong,0
334,saya operasi pakai bpjs tidak bayar peser loh,0
335,nies selagi anda ke rs obat dan tidak antri jangan lah bual untuk rombak ini itu,0
336,wan abud pe a,0
337,niniss tahu lah kamu lagi yang sudah pakai fasilitas bpjs,0
338,logika bagaimana sih,0
339,omong tidak ssuai fakta bisa tuntut balik hati kal bicara dan,0
340,selalu mbuat nyata bodoh memang benar ya kbnyakan masyarakat itu mudah bodoh sama orang pintar,0
341,bulshit,0
342,banyak bacot saja tidak laku nama rumah sakit saja di rubah jadi rumah sehat,0
343,betul,0
344,orang licik model begini mimpi jadi pimpin nomer di negara ini moga tuhan masih lindung bangsa ini dari hancur dan beri jalan kepada ganjar supaya bisa pimpin negara yang besar ini,1
345,kan ada bpjs kis,0
346,memang betul fakta,0
347,bapaakk salahsebut pak bukan rumash sakitt kan sudah ganti nama jadi rumah sehaatt aauu siapa yang ganti dach,0
348,moga saat pak anies jadi presiden butuh ubah buat indonesia seperti rumah sakit rubah jadi sugih datang sakit pulang kayak raya,1
349,terus lama sih anus ini jadi gubernur orang jakarta kalau sakit ke rumah sehat sembuh dan tidak jadi miskin ya penasaran saya,0
350,prreett,0
351,kasus ini cerita jaman orba nya soeharto ketika itu belum ada bpjs kis,1
352,jangan malu bajar tentang bpjs,0
353,rumah sakit seluruh indonesia akan ubah jadi rumah sehat jadi nanti tidak ada orang sakit yang datang ke rumah sehat jadi betul nanti jadi rumah sehat semua rumah sakit,0
354,yang butuh masyarakat indonesia itu kerja om,0
356,wong yen gedabrus io ngene iki,0
357,woii mana nya kamu bilang tinggi istri saya kemarin opname gratis dari perintah yang betul lah kamu omong,0
358,semua negara sama saja lah pak apalagi negara maju beres sama dengan siapa maksudna pak ambigu,0
359,bacot nies urus dki saja becus,0
360,pr pr pr benah sama cara anda selesai tidak ucap dari bibir manis anda balik dengan anda kini sudah ada bpjs meski ada iur tetapi sangat bantu biaya ada lagi kis tidak ada iur dan gratis biaya,0
361,anies harus periksa ke dokter kalau lihat dari video ini anies kena gejala asma asal mangap,1
362,nggedabrus sih sumur resap,0
364,tak layak jual anies rekam jejak buruk hanya omong saja,0
365,kbykan ide dan bacot doang realisassinya jakarta ancurr buat sih wan aibon,0
366,yang komen bilang bpjs nanggung semua moga tidak akan pernah ngalamin sakit di rs daerah dengan bill puluh juta tidak tanggung bpjs amin,1
367,anak saya operasi kontruksi juga tanggung bpjs pada saat tunggu operasi saya temu dengan orang ibu asal dari belitung timur anak usia tahun perempuan derita kanker rahang dia seudah jalan operasi banyak kali semua biaya di tanggung bpjsdan hebat dokter bedah tutur dukung pimpin indonesia keren makadengan hormat pak anies jangan asal omong apalagi kalo bohong,1
368,kok rakyat masih saja ada yang dengar nih manuisa,0
369,belum tahu sudah ada bpjs ya,0
370,iya pak anies ini bagaimana tapi kan sekarang ada bpjs sudah kayak tidak anggota ya pantas tidak erti,1
371,rumah sehat nanti jadi rumah herbal kalau anies presiden,1
372,anies baswedan pilih,0
