index,comments,label
0,"Masya Allah pak Ganjar, bener bener sosok yg selalu mempererat tali silahturahmi, akrab dan dekat dengan semua kalangan, bisa berbaur dan candaannya asik, bikin orang nyaman , sehat sehat orang baik",1
1,@watermelon0265 : Kepribadian beliau yang suka silaturahmi di mka di senangi semua kalangan,1
2,@watermelon0265 sosok yang tidak pernah memutuskan tali silaturahmi,1
3,@watermelon0265 selalu silaturahmi dan memiliki toleransi yang tinggi,1
4,"@watermelon0265 Pak Ganjar menempatkan dirinya sebagai sahabat bagi masyarakat, emang baik bht",1
5,@watermelon0265 P Ganjar hadir utk semua gol profesi dn generasi dgn tulus,1
6,@watermelon0265 karna pak Ganjar orangnya humble maka banyak yg suka,1
7,@watermelon0265 sosok pemimpin yg selalu menjaga tali silahturahmi ya pak Ganjar,1
8,@watermelon0265 humble nya pak Ganjar yang bikin orang lain tu nyaman di Deket nya,1
9,"@watermelon0265 setuju bgt sih, pak anjar emang panutan banget",1
10,@watermelon0265 pak Ganjar punya aura tersendiri yang bikin orang slalu nyaman,1
11,"@watermelon0265 Pak ganajar mah siapa aja diajak bicara / bercanda , cara ngomongnya pun simple jadi orang merasa nyaman ngobrol dengan pak ganjarğŸ˜",1
12,@watermelon0265 sosok yg betul-betul menginspirasi,1
13,@watermelon0265 : Benar cara Gp itu lah banyak yang suka sama beliau dan integritasnya,1
14,@watermelon0265 soalnya pak Ganjar merakyat sih dan mau merangkul semuanya jadi orang yg dekat pak Ganjar pasti nyaman,1
15,"@watermelon0265  semoga Pak Ganjar di Ganjari kesehatan,",1
16,@watermelon0265 pak ganjar sangat menginspirasi kt,1
17,@watermelon0265 itulah kelebihan pak ganjar yg tidak di miliki capres lain,1
18,@watermelon0265 Alhamdulillah punya P Ganjar yg lembut penuh kasih pd siapapun dgn tulusâ¤ï¸,1
19,@watermelon0265 pemimpin yg di cintai rakyat emang harus giniğŸ˜,1
20,"@watermelon0265 Sehat selalu buat Pak Ganjar Istimewa, koe siji siji ne aku bangga karo koe.",1
21,@watermelon0265 orang baik di kelilingi orang baik pastinya seperti beliau,1
22,@watermelon0265  setiap orang yang dekat pak ganjara pasti bahagiağŸ˜,1
23,"@watermelon0265 sehat selalu pak ganjar, jangan sampai putus silaturahminya nggih pak",1
24,@watermelon0265  pak ganjar memang dekat dengan semua kalangan,1
25,@watermelon0265 pk Ganjar bisa akrab dengan siapapun. Salut dengan beliau,1
26,@watermelon0265 beliau adalah orang yang sangat menjaga silaturahmi demi negeri ini. Pak Ganjar keren,1
27,Betul panutan sekali,1
28,@watermelon0265 adem bgt ya liatnya sehat selalu pak Ganjar,1
29,@watermelon0265 sosok yang menyayangi dan menghormati,1
30,@watermelon0265 sosok beliau nih emang keliatan humble banget,1
31,@watermelon0265 beliau nih bs banget menjaga tali silaturahmi dengan seniman2 dan yg lain,1
32,@watermelon0265 beliau begitu raamah dan rendah hati kepada semua orang,1
33,@watermelon0265 sosok yg selalu menjaga silaturahmi dengan siapapun dan itu pemimpin yg perlu kita contoh,1
34,@watermelon0265 pemimpin yg selalu menjaga silaturahmi dengan baik itu pak Ganjar,1
35,@watermelon0265 pak Ganjar emang sehumbel itu orang nya,1
36,@watermelon0265 semoga jadi the next presiden.amiin,1
37,"@watermelon0265 Pak Ganjar selalu rendah hati, baik, sopan dan santun",1
38,@watermelon0265 semoga menjadi berkah,1
39,@watermelon0265 Pak Ganjar benarÂ² sosok pemimpin yang dibutuhkan IndonesiağŸ˜,1
40,@watermelon0265 pak Ganjar merakyat ya,1
41,@watermelon0265 begitulah seharusnya sosok pemimpin yang baik itu,1
42,@watermelon0265 amin..krna pak ganjar sllu merangkul semua golongan masyarakat,1
43,"@watermelon0265 Pak Ganjar menjalin silaturahmi sama siapa aja, patut dicontoh",1
44,@watermelon0265 iyap kaka..pak ganjar sllu membuat kita kagum dsn terpesona akan attitudenya,1
45,@watermelon0265 pak ganjar humbel bgt,1
46,@watermelon0265 Ganjar memang sosok pemimpin baik yang selalu menjaga tali silaturrahmi dengan siapapunğŸ˜,1
47,@watermelon0265 pak ganjar memang rendah hati,1
48,@watermelon0265 Pak Ganjar sosok yang perduli dengan masyarakat.,1
49,@watermelon0265 emang boleh sekeren itu pak Ganjar bikin kita semua makin yakin dukung beliau,1
50,@watermelon0265 Bener bngtt kak sosok yg humble seklii yaa,1
51,@watermelon0265 Alhamdulillah ya kak Pak Ganjar bisa silaturahmi kembaliâ¤ï¸,1
52,@watermelon0265 semoga tali silaturahminya tetap terjaga ya,1
53,@watermelon0265 setujuu sangat menjadi tauladan untuk kita pendukung nya,1
54,@watermelon0265 beliau sangat ramah kepada siapapun dan beliau juga sangat menjunjung tinggi silaturahmi,1
55,"Ibarat kota Jogja, Pak Ganjar istimewah ğŸ˜",1
56,Mantap cheğŸ”¥ğŸ”¥ğŸ”¥,1
57,@anto_0487 ğŸ”¥ğŸ”¥ğŸ”¥,1
58,memang duet ganjar mahfud istimewa,1
59,Memang istimewaaa ğŸ˜,1
60,"Hahaa bener mbaa, ibarat kota Bandung, Pak Ganjar lahir saat Tuhan tersenyumğŸ˜",1
61,betuuuuullllğŸ˜,1
62,BtulllğŸ˜ğŸ˜,1
63,"ibarat rcti, pak ganjar itu oke banget ğŸ˜‚",1
64,"setuju banget,istimewa sekali beliau",1
65,"Sangat istemewaaa, kebanggaan kita semuağŸ‘",1
66,Ora ganjar ora wae ğŸ˜‚,1
67,@chikacentil_255 memang pak ganjar yg paling istimewa,1
68,"mengasah hati dan pikiran bersama para senimanÂ² hebat , sehat sehat pak Ganjar dan para senimanÂ²",1
69,Sehat selalu para seniman dan budayawan Yogyakarta,1
70,semoga para seniman semakin sukses dan mendukung pak ganjar,1
71,sehat selalu pak Ganjar pemimpin yg mau mendengarkan nasehat,1
72,Semoga keberkahan dan kelancaran selalu menyertai pak ganjar ğŸ”¥,1
73,Pak Ganjar sangat menghargai seniman,1
74,"@butterfly00194  para seniman dan pak ganjar sama sama orang hebat,indah seklai melihatnya",1
75,Pak ganjar sangat peduli dengan sesama nih,1
76,@butterfly00194  perkumpulang orang2 hebat semoga berkah,1
77,sukses juga pak,1
78,â¤ï¸â¤ï¸,1
79,Menciptakan ketenangan dari silaturahmi bersama seniman. Pak Ganjar keren,1
80,Senyuman pak Ganjar pun sudah mampu memberi ketenangan hati. Beliau adalah motivator saya,1
81,Sehatt sehatt ğŸ™Œ,1
82,aamiin yaallahâ¤ï¸â¤ï¸,1
83,ğŸ”¥ğŸ”¥,1
84,@butterfly00194 semua memiliki karya yang luar biasa untuk bangsa,1
85,Bener bgttğŸ˜,1
86,"iya kak bener banget, setuju",1
87,amiin,1
88,@butterfly00194 best banget pak ganjar,1
89,sehat selalu ngeh pak Ganjar tetap memberikan kebahagiaan utk semua org pak,1
90,Sehat selalu pak supaya bs terus lancar jalannya untuk jd presiden,1
91,Amin,1
92,Pasti diantara mereka tercipta obrolan yg seru,1
93,aamiin,1
94,Para seniman memberi nasihat dan dukungan kepada Ganjar Pranowo,1
95,Pak Ganjar selalu mampu menjaga silaturahmi dgn baik,1
96,Seru ya kayanya bertemu dengan para seniman keren,1
97,Pak Ganjar selalu mau belajar kepada teman2 seniman,1
98,Selalu belajar dan terus belajar,1
99,Berguru pada guru yang tepat,1
100,Semoga apa yg jadi harapan bisa tercapai,1
101,"Aamiin, semoga pak Ganjar selalu sehat",1
102,Dengan seniman dan budayawan akan terasah rasa dan emosional,1
103,Pak Ganjar sosok pemimpin yang sangat mencintai budaya Indonesia ğŸ˜,1
104,sehat selalu orang baik,1
105,Amin semoga pak ganjar mndptkan dukungan n ilmu yg lbh baik di bidang seni,1
106,"pak Ganjar merangkul masyarakat daei berbagai kalangan, termasuk seniman",1
107,Iyah dong kaka.krna pak gnjar sllu mncoba mnjdi yg tebaii dan pling mngrrti,1
108,Aamiin yang paling serius di ganjar kesempatan untuk menjadi pemimpin IndonesiağŸ”¥,1
109,mantappp semoga beliau sehat selaluâ¤ï¸â¤ï¸,1
110,setujuu,1
111,pak ganjar menjalin silaturahmi dan merangkul semua kalangan masyarakat,1
112,Keren emang pak Ganjar bisa merangkul semua kalangan masyarakat Seniman dan budayawan,1
113,Salut bgt sama pak ganjar hebattğŸ‘,1
114,Bener kak. Guyonan utk hidup jauh dr penyakitğŸ˜,1
115,Pak Ganjar emang hebat banget untuk rakyat,1
116,"@butterfly00194 aminn, semoga semuanya sehat selalu",1
117,Pak Ganjar memang pemimpin yang selalu mengutamakan para seniman,1
118,@butterfly00194 pak Ganjar pemimpin yang peduli pada Seniman,1
119,nah ini baru positif nih sehat-sehat untuk semuanya,1
120,keren ya karya-karya para seniman kitağŸ˜,1
121,Aamin semoga pak ganjar sehat selalu,1
122,@butterfly00194 setujuu kita mengasah hati dan pikiran,1
123,Sehat pak ganjar dan seniman semoga adanya silaturahmi mempererat persatuan kita,1
124,@butterfly00194 sehat selalu pak ganjar optimis menang,1
125,Belajar dan terus belajar tanpa rasa lelah ya pak Ganjar,1
126,"pak Ganjar juga mau mendengarkan nasehat para Seniman, semoga semua doa baik diijabah",1
127,Biliau SDH berhati bijak bertemu Butet sgtlah tepat pribadi yg tulus utk negri,1
128,Pak Ganjar selalu merangkul semua kalangan,1
129,Berkumpul dengan para seniman lah pasti muncul suatu gagasan2 dari pak Ganjar ğŸ‘ğŸ‘,1
130,Pak ganjar terus belajar dalam segala hal,1
131,"Sekaligus melepas penat yg ada dikepala , supaya tidak setres2 banget pak ganjarnya , kan hidup itu kudu seimbangğŸ™Œ",1
132,Semoga mereka semua bisa terus berkarya dan sehat selalu,1
133,Rehat sejenak melepaskan penak.. Ganjar selalu di hati,1
134,Kolaborasi yang baik untuk tujuan yang baik pula untuk mereka,1
135,Sehat selalu agar bisa menciptakan hasil2 karya yang luar biasa,1
136,Sehat-sehat orang-orang hebat,1
137,"Seniman dan budayawan yang sangat hebat, Pak Ganjar memang Istimewa",1
138,aamiin semoga di lancarkan urusan pak ganjar,1
139,Hati nan tulus P Ganjar pd siapapun akn di terima jg penuh ketulusanğŸ‘â¤ï¸,1
140,â¤ï¸â¤ï¸,1
141,@kikidaliyo ğŸ™Œ,1
142,@kikidaliyo â¤ï¸â¤ï¸â¤ï¸â¤ï¸ğŸ”¥ğŸ”¥ğŸ”¥,1
143,@kikidaliyo ğŸ”¥ğŸ”¥ğŸ”¥,1
144,@kikidaliyo â¤ï¸â¤ï¸,1
145,@kikidaliyo ğŸ”¥ğŸ”¥,1
146,@kikidaliyo makin all in ganjar,1
147,@kikidaliyo lanjutkan ke pak ganjar,1
148,"@kikidaliyo luv banyak banyak untuk pak ganjar ya, all in pak ganjar",1
149,@kikidaliyo ğŸ˜,1
150,@kikidaliyo ğŸ”¥ğŸ”¥,1
151,@kikidaliyo bravo pak ganjarâ¤ï¸â¤ï¸,1
152,@kikidaliyo ğŸ˜,1
153,@kikidaliyo pak ganjarr terbaikk,1
154,@kikidaliyo ğŸ”¥â¤ï¸,1
155,@kikidaliyo ğŸ˜ğŸ˜,1
156,@kikidaliyo â¤ï¸â¤ï¸,1
157,"@kikidaliyo Pak Ganjar kerennn abis,rendah hati dan selalu humble kepada siapa sajağŸ˜",1
158,"@kikidaliyo Pak Ganjar sangat peduli terhadap semua masyarakat, pemimpin yang selalu menginspirasi dan memotivasi kami. Ganjar Mahfud membawa Indonesia maju 2024ğŸ”¥",1
159,@kikidaliyo hwaaaağŸ”¥,1
160,@kikidaliyo ğŸ”¥ğŸ”¥,1
161,@kikidaliyo â¤ï¸ğŸ‘,1
162,@kikidaliyo Ganjar Mahfud best,1
163,@kikidaliyo â¤ï¸,1
164,@kikidaliyo ğŸ”¥,1
165,@kikidaliyo â¤ï¸,1
166,@kikidaliyo â¤ï¸â¤ï¸â¤ï¸,1
167,@kikidaliyo ğŸ˜ğŸ˜,1
168,@kikidaliyo all in pak ganjar ğŸ”¥ğŸ”¥,1
169,@kikidaliyo ğŸ˜ğŸ˜,1
170,@kikidaliyo â¤ï¸â¤ï¸,1
171,@kikidaliyo ğŸ˜,1
172,@kikidaliyo â¤ï¸â¤ï¸,1
173,@kikidaliyo â¤ï¸ğŸ˜,1
174,@kikidaliyo ğŸ˜,1
175,@kikidaliyo â¤ï¸ğŸ”¥,1
176,@kikidaliyo ğŸ˜,1
177,@kikidaliyo MasyaAllah,1
178,@kikidaliyo â¤ï¸â¤ï¸,1
179,@kikidaliyo â¤ï¸â¤ï¸,1
180,@kikidaliyo ğŸ™Œâ¤ï¸,1
181,@kikidaliyo â¤ï¸,1
182,@kikidaliyo â¤ï¸â¤ï¸â¤ï¸,1
183,@kikidaliyo â¤ï¸,1
184,@kikidaliyo ğŸ™ğŸ’ªğŸ’ª,1
185,@kikidaliyo ğŸ”¥,1
186,@kikidaliyo ğŸ˜,1
187,@kikidaliyo ğŸ˜â¤ï¸,1
188,@kikidaliyo ğŸ˜ğŸ˜,1
189,@kikidaliyo ğŸ˜ğŸ˜ğŸ”¥,1
190,@kikidaliyo adem liatnya,1
191,@kikidaliyo ğŸ˜,1
192,@kikidaliyo ğŸ”¥,1
193,@kikidaliyo ğŸ”¥,1
194,@kikidaliyo ğŸ¥°ğŸ¥°ğŸ¥°,1
195,@kikidaliyo â¤ï¸â¤ï¸,1
196,@kikidaliyo â¤ï¸â¤ï¸â¤ï¸,1
197,@kikidaliyo suka banget kalo liat pak ganjar bareng dgn para seniman gini,1
198,@kikidaliyo mantap,1
199,@kikidaliyo ğŸ˜,1
200,@kikidaliyo â™¥ï¸â™¥ï¸ğŸ‡²ğŸ‡¨,1
201,@kikidaliyo â¤ï¸â¤ï¸â¤ï¸â¤ï¸,1
202,@kikidaliyo â¤ï¸,1
203,@kikidaliyo gaspol,1
204,@kikidaliyo ğŸ˜ğŸ˜ğŸ˜,1
205,@kikidaliyo ğŸ˜,1
206,@kikidaliyo â¤ï¸â¤ï¸,1
207,@kikidaliyo ğŸ”¥,1
208,@kikidaliyo ğŸ‘ğŸ‘,1
209,@kikidaliyo ğŸ‘ğŸ‘ğŸ‘ğŸ‘,1
210,@kikidaliyo ğŸ”¥,1
211,@kikidaliyo â¤ï¸â¤ï¸â¤ï¸ğŸ”¥,1
212,@kikidaliyo gaspollğŸ”¥,1
213,@kikidaliyo ğŸ”¥ğŸ”¥ğŸ”¥ğŸ”¥,1
214,@kikidaliyo â¤ï¸,1
215,@kikidaliyo sukses terus pak ganjar â¤ï¸,1
216,@kikidaliyo ğŸ˜,1
217,@kikidaliyo ğŸ˜,1
218,@kikidaliyo â¤ï¸,1
219,@kikidaliyo ğŸ”¥ğŸ”¥ğŸ”¥ğŸ”¥,1
220,@kikidaliyo yakin menangâ¤ï¸,1
221,@kikidaliyo â¤ï¸â¤ï¸,1
222,Sangat terpancar sudah sosok seorang pak Ganjar Pranowo dgn terbuka serta merakyatnya yg slalu jadi inspirasi dan panutan bangsa,1
223,@vespa.cinta125 : Merakyat mendengarkan saran yang disampaikan beliau menerima dengan baik,1
224,@vespa.cinta125 itu yang d kagumi dari sosok nya,1
225,@vespa.cinta125 betul sekaliâ¤ï¸â¤ï¸â¤ï¸,1
226,@vespa.cinta125 biliau terdidik dr keluarga beradab dn kharakter P Ganjar mmg luar biasa baik,1
227,@vespa.cinta125 beliau akan memajukan kita di masa depan,1
228,@vespa.cinta125 setiap ide dan inspirasi pak Ganjar selalu membawa kemajuan untuk negeri ini,1
229,@vespa.cinta125 Beliau ini memang sangat gemar sekali membuat para masyarakat terkagum kagum oleh sifatnya yg rendah hati. Sehat sehat pak GanjarğŸ™Œâ¤ï¸,1
230,@vespa.cinta125 Pak Ganjar emang pemimpin yang merakyat,1
231,@vespa.cinta125 pokoknya pak ganjar terbaik,1
232,@vespa.cinta125 : Memang beliau terpancar jiwa kepemimpinan yang tegas,1
233,@vespa.cinta125 sosok sperti beliau yg diinginkan untuk memimpin,1
234,@vespa.cinta125 pemimpin idaman rakyat Indonesia ğŸ˜,1
235,"@vespa.cinta125 pak ganjar di senangi oleh segala kaum dan profesi,seneng banget liatnya",1
236,@vespa.cinta125 sosok yg rendah hati santun tulus utk semua â¤ï¸,1
237,@vespa.cinta125 Pak Ganjar Istimewa dan akan selalu Istimewa di mataku,1
238,@vespa.cinta125 pak ganjar memang sangat menginspirasi para anak muda,1
239,@vespa.cinta125 pak ganjar auranya positif banget sangat cocok buat pimpin negeri ini,1
240,@vespa.cinta125 udah keren ni jadi pemimpin kita harusnya,1
241,@vespa.cinta125  yang melekat padi diri pak ganjar yakni merakyat dan sederhana.,1
242,"@vespa.cinta125 aura2 pemimpin ya pak ganjar tu, terbaik deh",1
243,@vespa.cinta125  terbuka dan mendengarkan suara rakyat,1
244,@vespa.cinta125 sosok yang selalu menjadi idola bagi sayağŸ˜,1
245,@vespa.cinta125 pak Ganjar tidak pernah tidak tulus kepada masyarakat. Beliau selalu mendengarkan aspirasi kita,1
246,@vespa.cinta125 betul bikin kita makin sayang,1
247,@vespa.cinta125 pak Ganjar itu sosok panutan yg penuh inspirasi dan merakyat,1
248,@vespa.cinta125 sangat merakyat rendah hati penuh inspirasi itulah sosok pak Ganjar,1
249,@vespa.cinta125 betul mengagumkan,1
250,@vespa.cinta125 panutan sekali calon presiden gue,1
251,@vespa.cinta125 sosok pak Ganjar terlihat hangat dengan siapapun,1
252,"@vespa.cinta125 pak Ganjar memiliki aura kepemimpinan yang bagus, adem dan tegas",1
253,@vespa.cinta125 pemimpin yang dibutuhkan oleh kita yang seperti pak Ganjar,1
254,@vespa.cinta125 sosoknya memang begitu merakyat dan sederhana,1
255,@vespa.cinta125 orang baik akan selalu terpancar auranya,1
256,@vespa.cinta125 pemimpin yg bisa merangkul rakyat,1
257,@vespa.cinta125 memang Pak Ganjar sehumble itu orangnya,1
258,@vespa.cinta125 Kesederhanaan Pak Ganjar patut dijadikan panutanâ¤ï¸,1
259,@vespa.cinta125 memang sosok pemimpin panutan ğŸ˜,1
260,@vespa.cinta125 Ganjar Mahfud menang satu putaran,1
261,@vespa.cinta125 karakter yg tegas gak abu-abu,1
262,@vespa.cinta125 yep..bner bgt kaka..pak ganjar adlh sosok yg cocok utk jd pemimpin kita,1
263,@vespa.cinta125 Pak Ganjar merangkul masyarakat dari berbagai kalangan makanya dicintai oleh rakyatnya,1
264,@vespa.cinta125 aminnn semoga pak ganjar menang di pilpres nanti dan m3mimpin indonesia,1
265,@vespa.cinta125 beliau sosok panutan,1
266,@vespa.cinta125 Pak Ganjar the real pemimpin yang diharapkan masyarakat ğŸ˜ the best pokoknya,1
267,@vespa.cinta125 pak ganjar always merakyat,1
268,@vespa.cinta125 Pak Ganjar Pranowo telah membuktikan diri sebagai pemimpin yang mampu menjalin silaturahmi dan merangkul semua kalangan masyarakat,1
269,@vespa.cinta125 karakter pak Ganjar emang sangat membumi dan humble ya gaes,1
270,@vespa.cinta125 sudah sangat cocok menjadi Presiden ğŸ¤ŸğŸ»,1
271,@vespa.cinta125 panutan kita semuaaağŸ™Œ,1
272,"@vespa.cinta125 ga heran knp warga suka berbagi cerita dengan beliau ini , orgnya open bgt sih",1
273,@vespa.cinta125 beliau memang sangat merakit banget humbleğŸ˜,1
274,@vespa.cinta125 pak ganjar yang selalu menjadi sosok inspiratif,1
275,@vespa.cinta125 yups terpancar sudah sosok kepemimpinan Pak Ganjar iniğŸ˜,1
276,@vespa.cinta125 yaa sudah ada hawa hawa unggul nihğŸ˜,1
277,@vespa.cinta125 emang pak ganja selalu memberikan inspirasi ke anak anak muda,1
278,@vespa.cinta125 sosok idaman semua rakyat,1
279,"@vespa.cinta125 pak Ganjar begitu cocok jadi presiden Indonesia, baik rendah hati dan berwibawa",1
280,"Pak Ganjar Is only one. SatuÂ²nya pemimpin yg selalu menginspirasi dan memotivasi kami untuk selalu belajar, semoga kami bisa dan mampu meneladanimu ğŸ™",1
281,"@burairadi bener banget dong,pak ganjar penuh inspirasi",1
282,@burairadi Masyaallah pak ganjar banyak sekali yg menjadikan sampean motivas. Pak Ganjar memang suri tauladan yang patut di teladaniâ¤ï¸,1
283,@burairadi pak ganjar emng capres idaman,1
284,@burairadi : Berusaha menjadi pribadi yang baik buat akuyy,1
285,@burairadi guru teladan sekaligus pemimpin untuk kita semua,1
286,"@burairadi Koe siji siji ne, aku bangga karo koe. nek ra Ganjar  ora wae",1
287,@burairadi tdk pernah ragu untuk mendukung beliau,1
288,@burairadi aamiin semoga pak ganjar menjadi presiden agar bisa membangun negeri ini lebih baik lagi,1
289,"@burairadi emang teladan banget si beliau, pemimpian panutan",1
290,@burairadi dr silaturahmi yg membuat adem hati P Ganjar yg tulus ms Butet yg supelâ¤ï¸,1
291,"@burairadi Betul Pak Ganjar adalah panutan, nek ra Ganjar ora wae",1
292,@burairadi pak ganjar terlalu banyak mengajarkan kita hal baik,1
293,@burairadi Ganjar Mahfud 2024 pemimpin kita ğŸ˜,1
294,@burairadi  pak ganjar adalah inspirasi  kita semuaâ¤ï¸,1
295,"@burairadi layak dijadikan sebagai pemimpin nih pak ganjar, karna selalu memberi contoh yg baik kepada masyarakat",1
296,@burairadi  semoga kita bisa mentoh beliau,1
297,@burairadi iyaa bangeett,1
298,@burairadi Amiiin,1
299,@burairadi sosok yg positif vibes penuh inspirasi,1
300,@burairadi bener tuh. Satu satunya pemimpin yang bisa memotivasi sayağŸ˜,1
301,@burairadi pak Ganjar selalu memperhatikan nasib masyarakat karena itu ia selalu memotivasi kita semua,1
302,@burairadi aminnnğŸ”¥,1
303,Betul memotivasi anak muda,1
304,@burairadi beliau sosok yg paling dibutuhkan indonesia yg mau mendengarkan rakyat,1
305,@burairadi 1 only best,1
306,@burairadi semoga jalan pak Ganjar untuk jd RI 1 dilancarkan,1
307,@burairadi semoga pak Ganjar bs terus menginspirasi masyarakat Indonesia,1
308,@burairadi pemimpin seperti pak Ganjar lah yang kita harapkan untuk Indonesia,1
309,@burairadi sangat menginspirasi dan selalu memberikan motivasi untuk masyarakat,1
310,@burairadi hanya pak Ganjar yang selalu memberikan motivasi dan inspirasi kepada kita,1
311,"@burairadi Aamiin,,betul sekali",1
312,@burairadi Pak Ganjar memang patut menjadi contoh rakyat,1
313,@burairadi pemimpin teladan rakyat,1
314,@burairadi Pak Ganjar sosok inspiratif,1
315,@burairadi setuju banget kakğŸ˜ Pak Ganjar memang sosok pemimpin best of the best pokoknya,1
316,@burairadi sangat setuju sekali,1
317,@burairadi aamiin semoga qobul,1
318,@burairadi yes...kita sebgai pendkung beliau hrus ttp solid dan mau bljr lbh baik,1
319,@burairadi Pak Ganjar banyaj menginspirasi dan menjadi panutan ğŸ”¥,1
320,@burairadi ğŸ‘ğŸ‘setuju cma pak ganjar yg terbaik dri semua calon presiden...dukung pak gnjar,1
321,@burairadi Aamin belia selalu menxontohkan yg baik,1
322,@burairadi aamiin.. Pak Ganjar memang sosok panutan untuk kita semua ğŸ˜,1
323,@burairadi pak ganjar memang satu satunyaâ¤ï¸â¤ï¸â¤ï¸â¤ï¸,1
324,"@burairadi Pak Ganjar memang keren, pemimpin luar biasaâ¤ï¸",1
325,@burairadi keren menag pak Ganjar karakter pemimpinnya layak dijadikan panutan,1
326,@burairadi aamiin. Pak ganjar terbaikğŸ‘,1
327,@burairadi pak Ganjar satu satunya pemimpin yang selalu melestarikan budaya,1
328,@burairadi inilah pemimpin yang selalu memberikan inovasi dan selalu memotivasi rakyat,1
329,@burairadi panutan untuk kita dlm menghargai setiap profesi orang lainğŸ‘,1
330,"@burairadi setuju, beliau selalu memotivasi",1
331,@burairadi Pak ganjer itu sangat menginspirasi dan sangat positif banget sihğŸ˜ğŸ˜,1
332,@burairadi bener bangat satu satunya pemimpin yang menginspirasi,1
333,@burairadi pak ganajr selalu memberikan contoh yang baik untuk rakyat,1
334,@burairadi sangat menginspirasi apalagi untuk kaum-kaum muda mudi bah mantap,1
335,@burairadi sangat menginspirasi dan memotivasi diri menjadi lebih baik,1
336,"@burairadi aaamiinnn,panutan bangett nih pak Ganjar",1
337,@burairadi : contoh teladan yang baik setiao tindakan dan langkah beliau,1
338,@burairadi Pak Ganjar memang orang yang baik selalu menginspirasi setiap orang,1
339,@burairadi benar beliau udah pantas jadi presiden kita,1
340,"@burairadi and the only the best for RI 1, 2024 - 2029",1
341,"@burairadi banyak belajar dari kepemimpinan pak Ganjar, sederhana dan rendah hati",1
342,"Hingga saat ini, masih penasaran banget yang akan dampingi Pak Ganjar menjadi Cawapres. beruntungnya ia bisa mendampingi sosok pemimpin masa depan untuk Indonesia",1
343,"@zulfaazis25 Pak Ganjar akan berpasangan dengan Pak Mahfud, dua pemimpin hebat yg akan sejahterakan Indonesia",1
344,@zulfaazis25 bwtul sekalii,1
345,@zulfaazis25 semoga saja yang bisa searah tujuan dengan pak Ganjar,1
346,@zulfaazis25 siapapun RI 2 SMG bisa slg mengisi dgn tulus utk kemajuan bangsa,1
347,@zulfaazis25 siapapun pendampingnya cuma mau pak Ganjar menang,1
348,@zulfaazis25 skrng cawapresnya pak Mahfud pasangan yang saling melengkapi ğŸ˜,1
349,@zulfaazis25 pastinya yang sama2 bisa bekerjasama membawa perubahan untuk Indonesia,1
350,"@zulfaazis25 fix pak mahfud sih ka, keren bgt",1
351,"@zulfaazis25 Dan juga sosok yg didamba dambakan oleh masyarakat indonesia , pemimpin yg jujur dan tegas kerjanya pun sat set sat setğŸ˜ğŸ™Œ",1
352,@zulfaazis25 : Pak Mahmud sudah realese hehe pasangan yang serasi,1
353,@zulfaazis25 siapapun itu pasti ideal,1
354,@zulfaazis25 Pak Mahfud MD yang jadi cawapres Pak Ganjar,1
355,@zulfaazis25 pastinya yang mempunyai visi dan misi yang sama dengan pak Ganjar,1
356,@zulfaazis25 siapa itu dukungan selalu untuk pak ganjar,1
357,"@zulfaazis25 ngk usah penasaran kan udah ada,pak mahfud md",1
358,"@zulfaazis25 terpenting RI 1, 2024 - 029 GANJAR . Silaturahmi ke ms Butet bgt. Hangat santai ttp santunâ¤ï¸",1
359,@zulfaazis25 insya allah pasti yg terbaik untuk bangsa ini,1
360,@zulfaazis25 Pak Ganjar sekarang sudah menjadi Ganjar Mahfud MD,1
361,"@zulfaazis25 pak mahfud sih, pasangan terbaik mereka",1
362,@zulfaazis25 sudah fix pak Mahfud yg akan mendampingi beliau â¤ï¸,1
363,@zulfaazis25  Pak mahfud md kak yang jd pendamping pak ganjarğŸ˜,1
364,@zulfaazis25  siapapun pendampingnya semoga sejalan dengan pak ganjar,1
365,"@zulfaazis25 siapapun pasanganya, saya tidak terlalu memusingkan. Karena pak Ganjar pasti bisa memimpin semua",1
366,@zulfaazis25 dengan siapapun pak Ganjar berpasangan saya tetap akan mendukung pak Ganjar,1
367,@zulfaazis25 sekarang sudah diumumkan pak Mahfud,1
368,@zulfaazis25 siapapun calonnya pemimpinnya tetap pak Ganjar,1
369,@zulfaazis25 Ganjar Mahfud best,1
370,@zulfaazis25 akhirnya hari ini udah tau sp yg jadi pendamping pak Ganjar,1
371,@zulfaazis25 udah nggak penasaran lg dong skrg,1
372,@zulfaazis25 sudah ditetapkan pastinya sosok yang tepat bgt,1
373,"@zulfaazis25 beruntung karena beliau akan mendampingi pak Ganjar, sosok yg luar biasa",1
374,"@zulfaazis25 pasti beruntung dong, bisa mendampingi pemimpin luar biasa",1
375,@zulfaazis25 sudah terjawab kn kak penasaran nya?Ganjar Mahfud paling keren,1
376,"@zulfaazis25 sudah ada putusan, Pak Mahfud yg terbaik",1
377,"@zulfaazis25 siapapun wakilnya,Pak Ganjar tetap presiden terbaik",1
378,@zulfaazis25 bersama Mahfud MD insyaallah menang,1
379,@zulfaazis25 Ganjar Mahfud paslon terbaik untuk Indonesia yang lebih baikğŸ˜,1
380,"@zulfaazis25 udah d umumin kak,udah gk penasaran lagi kan?",1
381,"@zulfaazis25 sudah fix ya, prof mahfud",1
382,@zulfaazis25 yes...semoga yg mendapingi pak ganjar akan sllu suport dan 1 visi,1
383,"@zulfaazis25 Pendampingnya Bapak Mahfud, Ganjar Mahfud dua idealis ğŸ”¥",1
384,@zulfaazis25 pak ganjar selalu bisa merangkul siapapuj,1
385,@zulfaazis25 pastilah yg terbaik bt pak ganjar dan indonesia yg bisa mjdi pater dlm memimpin,1
386,@zulfaazis25 Ganjar sama Prof Mahfud kakğŸ˜ duet maut untuk Indonesia maju,1
387,@zulfaazis25 beliau sosok yg luar biasa,1
388,"@zulfaazis25 sudaj di umumkan, Pak Ganjar memilih Pak Mahfud sebagai cawapresnya ğŸ¥°",1
389,@zulfaazis25 pastinya yg sama2 baik dan punya visi misi yg sama dengan pak Ganjar,1
390,@zulfaazis25 suka banget sama kepemimpinan pak Ganjar yang selalu melestarikan budaya,1
391,@zulfaazis25 pasti yang menjadi cawapres juga orang yang hebat seperti pak Ganjar,1
392,@zulfaazis25 pak mahfud,1
393,@zulfaazis25 pak mahfud,1
394,"@zulfaazis25 hahaa.. Sudah resmi pak mahfud kepilih 2 jam yg lalu, lha komenmu 25 menit yg lalu. Elok2 bawang ikih. ğŸ˜…",1
395,@zulfaazis25 pak Prof Mahfud MD,1
396,@zulfaazis25 gak nonton ya mbak.udah pak mahfud jadi wakil nya,1
397,@zulfaazis25 Alhamdulilah kak cawapres nya udah ada yaitu pak mahfud,1
398,@zulfaazis25 Pak Mahfud dong tentunya kakğŸ˜,1
399,@zulfaazis25 Sudah diumumin kaa pak Mahfud,1
400,@zulfaazis25 : sudah ada pak mahmud cock mereka berdua,1
401,@zulfaazis25 of course Pak Mahfud dongğŸ˜ğŸ˜,1
402,@zulfaazis25 iya semoga pak Ganjar dapat pendamping yang baik juga,1
403,"@zulfaazis25 Alhamdulillah sudah keluar kaa, pak Mahfud MD insyaallah pasangan pas",1
404,"Pertemuan yg mengademkan sangat istimewa,pak ganjar satu2nya calon pemimpin paling ter the bestâ¤ï¸",1
405,@dewaku999 emang calon pemimpin ku yang satu ini the best bangat,1
406,"@dewaku999 silaturahmi kemana saja,sambil menimba ilmu",1
407,@dewaku999 : Setuju..bangga kepada pak ganjar,1
408,@dewaku999 Pak Ganjar dengan rendah hati menyambung silaturahmi dengan baik,1
409,@dewaku999 benar beliau sangat banyak di sukai olah rakyat,1
410,@dewaku999 pak Ganjar memang pilihan yang tepat untuk jadi pemimpin,1
411,@dewaku999 pemimpin yang bisa berbaur dengan semua kalangan,1
412,"@dewaku999 Calon terbaik ntuk saat ini , semoga ditahun depan menjadi presiden RI ğŸ˜ğŸ™Œ ayo mari kita beri dukungan penuh untuk beliauğŸ™Œ",1
413,@dewaku999 emng nggak salah mengidolakan beliau,1
414,@dewaku999 : Pertemuan yang memberi nasehat dan masukan untuk menjadi baik,1
415,"@dewaku999 silaturahmi yang selalu membuat Pak Ganjar semakin besar semangatnya, Pak Ganjar terbaik",1
416,@dewaku999 pertemuan yg bgt menginspirasi,1
417,@dewaku999 pemimpin yang bisa membuat masyarakat nyaman akan kehadiran nya,1
418,@dewaku999 pak ganjar terbaik di antara semua capres,1
419,@dewaku999 adem tentrem 2 putra bangsa Ganjar Butet yg tlh mengisi kebaikan utk bangsaâ¤ï¸,1
420,@dewaku999 insya allah pak ganjar akan membawa perubahan yang lebih baik buat negeri ini,1
421,@dewaku999 selalu dukung pak ganjar pokonya mah,1
422,@dewaku999 Silaturahmi dengan para seniman dan budayawan semoga memudahkan jalan untuk menuju RI 1,1
423,@dewaku999 all in Ganjar pada waktunya tunggu saja ğŸ˜,1
424,@dewaku999  terbaik dari lainnya pak ganjar istimewa,1
425,@dewaku999 adem tentrem penuh keikhlasan slg bertukar inspirasi utk negri,1
426,@dewaku999 yoii,1
427,"@dewaku999 terbaik sih pak ganjar, prestasinya jg mantep bgt",1
428,@dewaku999  pemimpin yang selalu menjalin persaudaraan dengan semua orang.,1
429,@dewaku999 petmenuan silaturahmi antara dua orang hebat ğŸ˜. Pak Ganjar memang terbaik lah,1
430,@dewaku999 beliau berdua adalah orang-orang hebat. Semoga kita bisa menjadi orang hebat juga seperti mereka. Semangat pak Ganjar,1
431,Selalu belajar dan menjaga silaturahmi,1
432,@dewaku999 bner bgt pak ganjar paling the best,1
433,@dewaku999 pemimpin yg selalu menjalin silahturahmi,1
434,@dewaku999 pertemuan yang membuat kita makin menyayangi pak ganjar,1
435,@dewaku999 seneng liat pak Ganjar bersama para seniman,1
436,@dewaku999 calon pemimpin yg the best ya pak Ganjar Pranowo,1
437,"@dewaku999 the best banget emang, beliau ini adalah suri tauladan bagi kita",1
438,@dewaku999 mari untuk terus dukung setiap langkah pak Ganjar,1
439,"@dewaku999 bener sih, pak ganjar pemimpin terbaik",1
440,@dewaku999 pokok e pak Ganjar istimewa,1
441,@dewaku999 rekam jejaknya sudah tidak diragukan lagi,1
442,@dewaku999 Pak Ganjar selalu membuat nyaman orang di sekitarnya,1
443,@dewaku999 Sosok pribadi yg berkarakter,1
444,@dewaku999 Bener banget ğŸ˜ Pak Ganjar the only one pokoknya,1
445,@dewaku999 best of the best lah,1
446,"@dewaku999 yup betul,apalagi pasangan nya pak Mahfud, tambah jos",1
447,@dewaku999 betul...pak ganjar byk mndpatkan dukungan dri berbagai golongn msyrakat,1
448,@dewaku999 Pak Ganjar pemimpin yang idealis ğŸ”¥,1
449,@dewaku999 iyap betul cma pak ganjar yg terbaiik diantra para calon presiden yg ada,1
450,@dewaku999 pak ganjar is the best,1
451,@dewaku999 Setuju deh kakğŸ˜ cuma Ganjar gaadaa yang lain pokoknyağŸ”¥,1
452,@dewaku999 bener bener adem bgt liatnya,1
453,@dewaku999 Pak Ganjar juga terkenal karena mendengarkan suara masyarakat dengan teliti.,1
454,@dewaku999 setuju emang pak Ganjar terdebest dari calon yg lain,1
455,@dewaku999 calon pemimpin yang punya jiwa seni nih,1
456,@dewaku999 setujuu kandidat terbaik tahun ini,1
457,@dewaku999 iya bener banget pertama pertemuan-pertemuan yang sangat istimewa,1
458,@dewaku999 emang deh pak ganjar paling TOP,1
459,ğŸ”¥ğŸ”¥ğŸ”¥yg benar tetap bersinar ya pak Ganjar,1
460,Ya paling saya suka dari pa Ganjar itu ya jiwa muda nya terlihat beliau ituh sangat humbel dengan siapa saja untuk bertukar pikiran,1
461,@jaya.dinara pak ganjar orgnya emg ramah dan humbel bgt,1
462,@jaya.dinara P Ganjar bisa masuk ke semua generasi dn sgl profesi,1
463,@jaya.dinara benar beliau sosok teladan yg baik bagi kita,1
464,"@jaya.dinara betul sekali, beliau orang paling tepat untuk di ajak bertukar pikiran dengan siapa pun itu",1
465,"@jaya.dinara bener bgt, bisa akrab dengan siapapun",1
466,@jaya.dinara jiwanya selalu muda dan humble bngt,1
467,"@jaya.dinara Bener banget , pak ganjar itu tipe orang yg mau mendengarkan keluh kesah warga / masyarakat tidak anti kritikğŸ™Œ",1
468,@jaya.dinara : Gp selalu terbuka untuk bertukar pikiran itu lah beliau humbel,1
469,"@jaya.dinara iya betul sekali, emng pak ganjar terbaik",1
470,"@jaya.dinara Karena sosok nya yang mudah bergaul, dan dapat berbaur dengan siapapun",1
471,@jaya.dinara selalu ramah kesiapa pun itu,1
472,@jaya.dinara calon pemimpin idaman,1
473,@jaya.dinara iya makanya generasi muda harus pilih pak ganjar ğŸ˜,1
474,@jaya.dinara bener banget beliau ini sangat merepresentasikan pemimpin muda,1
475,@jaya.dinara Pikiran dan hari yang besar Pak Ganjar untuk bertukar pikiran,1
476,@jaya.dinara dan P Ganjar pribadi yg andap asor santun murah senyum,1
477,"@jaya.dinara setujuu,emang,1
boleh sekeren inii pakk. The best,1
banget deh Pak GanjarğŸ™Œ",1
478,@jaya.dinara benar sosok pemimpin yg dibutuhkan masyarakat,1
479,@jaya.dinara  betull pak ganjar sangat humble dan  suka membaur dengan siapapun,1
480,@jaya.dinara sangat terlihat kalo pak ganjar tu ramah bgt ya orangnya,1
481,@jaya.dinara bener bgt kakğŸ¥¹,1
482,@jaya.dinara bnr,1
483,@jaya.dinara jiwa muda nya yang selalu semangat  dan menginspirasi,1
484,@jaya.dinara dekat dengan rakyatâ¤ï¸,1
485,@jaya.dinara beliau memang tidak pernah sombong dan selalu merakyatğŸ˜,1
486,@jaya.dinara iya. Pak Ganjar juga sangat merakyat dan menjunjung tinggi toleransiğŸ˜,1
487,@jaya.dinara jiwa muda penuh ide dan gagasan sangat pandai bergaul,1
488,@jaya.dinara sapuk pisan,1
489,@jaya.dinara dan beliau bisa akrab dengan kalangan manapun,1
490,@jaya.dinara jiwa muda beliau yg membuat pak Ganjar bs dekat dengan siapa aja,1
491,@jaya.dinara jiwa muda nya masih terlihat tapi ttp sopan dan tegas,1
492,@jaya.dinara selalu bisa menjadi panutan bagi generasi muda,1
493,@jaya.dinara bener bener humble dan begitu sederhana,1
494,"@jaya.dinara betul banget, dan bisa masuk d kalangan mana saja",1
495,"@jaya.dinara betul, Pak Ganjar selalu bisa merangkul semua orang",1
496,"@jaya.dinara Pak Ganjar menolak tua, tetap mau belajar dg siapapun",1
497,@jaya.dinara mudah bergaul dgn berbagai kalangan,1
498,@jaya.dinara Pak Ganjar memang sosok pemimpin terbaik yang bisa diterima di semua kalanganğŸ˜,1
499,@jaya.dinara pemimpin yg tidak gengsi berbaur dg siapa saja,1
500,@jaya.dinara samaan dong sama kita orang,1
501,@jaya.dinara setuju pak ganjar memang sngt menginspirasi byk kaum muda,1
502,"@jaya.dinara humble, ramah dan mau silaturahmi sama siapa saja",1
503,@jaya.dinara setuju ak jg berfikir sprti itu..baik dan sllunramah kpda siapapun nih pak ganjar,1
504,@jaya.dinara iya tidak membeda bedakan,1
505,@jaya.dinara setuju ğŸ”¥ bisa berbaur dengan siapapun juga,1
506,@jaya.dinara pak ganjar bener bener ramah asikk bgtğŸ˜,1
507,"@jaya.dinara Pak Ganjar tidak hanya membatasi diri pada panggung politik, tetapi juga terlibat dalam berbagai kegiatan masyarakat",1
508,@jaya.dinara emang ramah banget sih pak Ganjar tuh makanya makin ngefans sama beliau,1
509,@jaya.dinara betul kak sangat setuju,1
510,@jaya.dinara betul sekali.. beliau hangat kpd siapapun,1
511,@jaya.dinara Pak Ganjar mah emang humble orangnyağŸ˜,1
512,"@jaya.dinara setuju banget kak, udah humble merakyat pula",1
513,@jaya.dinara yaps bener suka sekali dengan pak ganjar,1
514,@jaya.dinara Pak ganjar itu dapat membaur ke siapapun mau tua mau muda mau anak kecil,1
515,@jaya.dinara : Sikap humbel yanh dimiliki itu lah dukungan terus mengalir untuk pak gp,1
516,@jaya.dinara selalu suka dengan pak ganjarâ¤ï¸â¤ï¸,1
517,@jaya.dinara beliau selalu jadi panutan karena ketulusan dan kebaikannya kepada masyarakat,1
518,@jaya.dinara mampu berbaur dan berkelompok dengan siapa saja,1
519,"Live music bareng seniman2 legend ya, pak Ganjar..",1
520,@uncahyaa_ asik ya keliatannya,1
521,Pete masak santan... Ya Allah... Pasti enak bangetğŸ¤¤,1
522,"ga heran kalo para penggiat budaya semuanya dukung pa ganjar, krn cuma pak ganjar yg segitu pedulinya sama budaya di indonesia",1
523,@patheticrain09 paslon lain gada usahanya sih ğŸ˜‚,1
524,Ganjar Mahfud untuk indonesia majuuu ğŸ™Œ,1
525,"Makin terlihat, makin yakin All in Pak GanjarrğŸ˜â¤ï¸ğŸ”¥",1
526,"masyaa Allah bapa, sehatÂ² ya. aku tunggu bapa di 2024ğŸ”¥",1
527,SehatÂ² terus Pak Ganjar. Biar makin banyak kesempatan untuk bersilaturrahmi ke seluruh penjuru Indonesia. ğŸ’¯ğŸ–¤ğŸ¤,1
528,Pa Ganjar dan pa Mahfud pasangan capres dan cawapres yg sungguh komplit dan realistis utk dipilih.ğŸ‘,1
529,Ganjar ia the bestâ¤ï¸â¤ï¸â¤ï¸,1
530,Bapak keren pake jaket produksi  akuhğŸ™Œ,1
531,jadi semakin yakin Ganjar ini calon presiden yang baik untuk Indonesia menuju kesejahteraan ğŸ”¥,1
532,"Kami bangga bahkan sangat bangga dan kami mensyukuri nikmat dan karunia yg Maha Kuasa berikan. Ganjar Pranowo sosok istimewa yang mencintai dan dicintai segenap rakyatnya. Pemimpin peduli dan tulus dalam mengabdikan seluruh waktunya kepada semua atas nama cinta, cinta Indonesia â¤ï¸â¤ï¸ğŸ‡®ğŸ‡©",1
533,@hiqroyra aminğŸ™Œ,1
534,bissmillah Ganjar Mahfud menang aamiinğŸ¤²ğŸ»,1
535,@cachaa_here aminn,1
536,Bersama dengan seniman2 legend.. Mantapâ¤ï¸,1
537,@hayatiahyaahya mantap dong..,1
538,Kami mangga sama bpk,1
539,@mhmmd_fauzi14 kami juga apel sama bapakğŸ˜‚,1
540,Lagunya asyiik juga ya.. spesial buat pak ganjar.,1
541,go Pak Ganjar dan Pak Mahmud . semoga menangğŸ™,1
542,Pak Ganjar dan Pak Mahfud goâ€¦. semoga berhasilğŸ™,1
543,"kalau daerah jogja istimewa, pak ganjarpun teristimewağŸ˜‚ğŸ˜ğŸ˜",1
544,@saga.cenary kiw kiw,1
545,Salut banget sama pak ganjar yang tetap menjaga silaturahmi pada banyak orang keren dehğŸ˜ğŸ‘,1
546,Dukung Ganjar Pranowo sebagai calon presiden Indonesia untuk menuju Indonesia majuğŸ”¥,1
547,"Keren euy pak Ganjar, sosok yg sangat sederhana tapi berkualitas dalam bekerja",1
548,bersama pak ganjar Indonesia majuğŸ˜,1
549,Para seniman seneng banget dgn kedatangan PakDe Ganjar. Ngobrol dan makan bareng tanpa ada rasa segan atau cangging. Karena PakDe Ganjar emang sosok yg bisa berbaur dikalangan manapun. PakDe Ganjar emang KEREN!! ğŸ˜ğŸ’¯ğŸ”¥,1
550,Semangat pak Ganjar da pak Mahfud â¤ï¸ğŸ™Œ,1
551,Kami Padamu Pak,1
552,@efatu05 â¤ï¸â¤ï¸,1
553,@efatu05 ğŸ˜,1
554,"belajar itu ga cuma mengasah pikiran, namun mengasah hati juga",1
555,emang ga salah dukung pak ganjaarrr.. sukses selalu pakkğŸ”¥,1
556,Boleh sekeren ini Capres pilihanku?? ğŸ˜ Di manapun PakDe Ganjar berada selalu membahagiaakan sekitarnya. Makanya jgn heran klo PakDe Ganjar banyak yg Cinta & Sayang. ğŸ¥°ğŸ’¯,1
557,Pak Ganjar begitu mengagumi hasil karya para Seniman Tanah Air. Pak Ganjar juga selalu menebar Kebaikan & Kebahagiaan untuk Rakyat Sekitarnya apapun itu kalangannya. Pokonya Pak Ganjar jadi Presiden RI. 2024 yaa.. ğŸ¤ŸğŸ¼ğŸ˜,1
558,Sehat sehat pak .. Alhamdulillah dimana2 selalu d sambt ya pak byk org menunggu anda dtg ..,1
559,Para seniman loyal mendukung pak Ganjar sebagai Presiden RI 2024,1
560,"dalam memilih pemimpin, masyarakat memahami bahwa ORANG BAIK PILIH ORANG BAIK pasangan Ganjar Mahfud adalah pilihan utama karena mereka adalah pemimpin yg saya rasa terbaik mereka adalah harapan kita untuk masa depan yg lebih baik",1
561,"Sinau. Silaturrahmi juga mampu mengasah hati dan pikiran. Segala hal positif mampu mengasah hati dan pikiran. Sungguh istimewa pemimpinku Ganjar Pranowo. Saatnya menuju RI1 pak @ganjar_pranowo , kami optimis pak Ganjar Presiden Republik Indonesia yang ke 8 di tahun 2024 mendatang ğŸ˜ğŸ¤Ÿ",1
562,"@afiburaira ketulusan hati pak Ganjar utk bangsa hny utk kemakmuran Indonesia, aman tentram damai #GanjarPresiden",1
563,@afiburaira pasti menang pak Ganjar Pranowo ğŸ‡®ğŸ‡©ğŸ¤,1
564,"@afiburaira menimba ilmu,semakin bnyak ilmu semakin rendah hati",1
565,@afiburaira Pastinya juga banyak ilmu ilmu yg pak ganjar petik dari para seniman. Pak jangan lelah untuk terus belajar enggehğŸ˜,1
566,@afiburaira amin semoga presiden selanjutnya pak ganjar,1
567,@afiburaira amin selalu optimis dan tentunya jg harus trus mendukung beliau,1
568,@afiburaira Optimis untuk kemenangan Ganjar Mahfud di Pilpres 2024,1
569,@afiburaira pemimpin panutan yang mempunyai banyak segudang hal2 positif,1
570,@afiburaira insya allah pak ganjar RI 1 mari satukan dukungan buat pak ganjar,1
571,@afiburaira pokoknya luar biasa P Ganjar urusan silaturahmi sgt supel humble pd siapapunâ¤ï¸,1
572,@afiburaira : Sungguh membuat pikiran lebih terbuka lagi,1
573,@afiburaira Pak Ganjar memang Istimewa seperti kota para seniman dan budayawan ini berasal.,1
574,@afiburaira insya allah pak ganjar menang total bersama pak mahfud,1
575,@afiburaira kita sangat optimis pak ganjar akan jadi presiden RI 2024,1
576,@afiburaira benar pak Ganjar jiwa silaturahmi nya sangat tinggi kepada siapapun,1
577,@afiburaira optimis dan yakin ganjar pranowo pasti menang â¤ï¸â¤ï¸,1
578,"@afiburaira kami semua mendukung pak ganjar untuk menjadi presiden RI, maju terus pak",1
579,@afiburaira insyaallah 2024 tahunnya pak ganjar,1
580,@afiburaira pak Ganjar selalu di hati dan kami percaya pak Ganjar mampu membawa indonesia lbh maju,1
581,@afiburaira pak Ganjar memang pemimpin yang istimewa. Hanya beliau yang mampu menjaga Indonesia nantinya,1
582,@afiburaira pak Ganjar sendiri saja sudah mempun membawa energi positif untuk banyak orangğŸ˜,1
583,@afiburaira setiap kata memiliki makna,1
584,@afiburaira selalu optimis bahwa pak Ganjar menang 2024,1
585,@afiburaira selalu belajar untuk lebih baik,1
586,@afiburaira Insya Allah yg penting semangat mendukung pak Ganjar,1
587,@afiburaira insya Allah pak Ganjar yg bs melanjutkan kepemimpinan pak Jokowi,1
588,@afiburaira dukungan penuh untuk Ganjar Pranowo yang senantiasa memberikan pelayanan terbaik,1
589,@afiburaira silahturahmi membuat pikiran kita jauh lebih terbuka karena mendapat motivasi yang tidak terduga dan bermanfaat untuk kita,1
590,"@afiburaira semoga dengan tetap menjaga silaturahmi, pak Ganjar selalalu mendapat inspirasi dan menebar kebaikan",1
591,@afiburaira ya segitu istimewa nya pak Ganjar sehingga layak menjadi presiden,1
592,@afiburaira kawal terus sampai jadi RI1,1
593,"@afiburaira salam dari tim pendukung Pak Ganjar, kita bisa",1
594,@afiburaira setuju sosok yg cocok untuk memimpin bangsa,1
595,@afiburaira optimis Ganjar Mahfud menang 1 putaran ya kakğŸ˜,1
596,@afiburaira Insyaallah pilpres 2024 Ganjar Mahfud menang,1
597,@afiburaira aamiin semoga terwujudkan,1
598,@afiburaira tulll..kita hrus optimis dkung bapk sllu nantinya utk smp ri 1,1
599,@afiburaira pak ganjar memanf se baik itu dan sllu bersilahtuhrahmi dgan semua lapisan msyrakat,1
600,"@afiburaira Betul Pak, apalagi Pak Ganjar penuh dengan aura positif",1
601,@afiburaira pemimpin terbaik,1
602,@afiburaira Pak Ganjar memang sosok pemimpin istimewa bagi kita semua ya kakğŸ˜,1
603,@afiburaira terus mempererat tali silaturahmi,1
604,@afiburaira optimistis Pak Ganjar jadi presiden RI ke 8,1
605,@afiburaira selalu dukung pak Ganjar 100% karena beliau pemimpin yg terbaik untuk Indonesia,1
606,@afiburaira Aamiin paling serius,1
607,@afiburaira kawal terus sampe pemilu,1
608,@afiburaira banyak memberikan energi positif memang pak ganjarğŸ‘,1
609,@afiburaira optimisss menangggğŸ’ªğŸ’ª,1
610,@afiburaira saya juga yakin pak ganjar yg menjadi pemimpin  negeri ini,1
611,"@afiburaira setuju sih, silaturahmi jg bikin pikiran lebih terbuka krn bisa denger pendapat2 org",1
612,@afiburaira bersama Pak Ganjar kita majukan negara kita ya yuk kita langsung belajar bersama-sama nih,1
613,@afiburaira hal-hal positif pasti pak Ganjar lakuin sih silaturahmi terus Alhamdulillah,1
614,@afiburaira selalu optimis dong pak ganjar presiden,1
615,@afiburaira indonesia akan maju bersama pak ganjar,1
616,yaps sudah siap untuk unggul 2024,1
617,@afiburaira saatnya Indonesia mendapatkan presiden terbaik,1
618,@afiburaira : Dengan silaturahmi kita bisa mendapat energi positif dalam diri kita,1
619,"@afiburaira Aamiin, semoga Pak Ganjar bisa jadi pemimpin Indonesia yang akan memajukan dan memberikan kita kesejahteraan",1
620,@afiburaira go go pasti menang dong ğŸ˜,1
621,@rachmad_agus @jogjacuttinglaser,1
622,@rismajoan istimewa tenan plat besinya yaa,1
623,@rachmad_agus keren kak,1
624,Bapak Capres @ganjar_pranowo kami Seniman Indonesia berharap Bapak bisa mengangkat dan lebih mengapresiasi karya2 kami ,1khususnya di dunia Seni Rupa Lukisan. Salam dari Palu â¤ï¸â¤ï¸â¤ï¸â¤ï¸ğŸ¨ğŸ¨ğŸ¨ğŸ‡®ğŸ‡©ğŸ‡®ğŸ‡©ğŸ‡®ğŸ‡©,1
625,"Adem banget liat kumpulan orang2 tulus, keliatan dari wajahnya. @ganjar_pranowo RI1â¤ï¸",1
626,Bapak @ganjar_pranowo Dlu sewaktu pertama kali Bapak @ganjar_pranowo Kampanye ke Brebes... Berjalan kaki dr Islamic Centre berombongan paling keliatan sendiri Tinggi Badannya... Sempat Bapak mengalihkan pandangan ke sy... Sy jd malu tertunduk... Isiiiinn Pak... Isiiinn beneran... Diliatin orang Sukses seperti panjenengan...ğŸ˜ğŸ˜ğŸ˜ğŸ˜ Salam sehar selalu Bapak... Kapan2  ke Brebes lg ya...ğŸ˜,1
627,"Alhamdulillah, Bpk @ganjar_pranowo berpasangan dengan Bpk @mohmahfudmd ,semoga menang satu putaran agar tidak buang2 anggaran dan GasPOLLLLL lanjutin pekerjaan Bpk Presiden @jokowi yg blm kelar Karena Bpk Presiden Jokowi sudah paripurna menjabat, SEMANGAT SEMANGAT SEMANGAT Bpk Ganjar Pranowo ğŸ‡®ğŸ‡©ğŸ‡®ğŸ‡©ğŸ‡®ğŸ‡©ğŸ’ªğŸ’ªğŸ’ªğŸ¤ŸğŸ¤ŸğŸ¤Ÿ.",1
628,Aku Iki fansmu pak @ganjar_pranowo ğŸ˜ğŸ˜ bismillah jadi presiden siapa tau bisa di undang ke istana negara Aminn ğŸ˜,1