slang,formal
22nya,dua-duanya
aaaaaaakkk,ah
aaaaahhhh,ah
aaaammmiiiinnnn,amin
aaahh,ah
aaamiiin,amin
aaamiiinnn,amin
aaamin,amin
aahh,ah
aama,sama
aamien,amien
aamiiiiinnn,amin
aamiiiinnnnn,amin
aamiiin,amin
aamiin,amin
aamiinin,amin
aamiinnn,amin
aamin,amin
"abal""",abal-abal
abal2,abal-abal
abanggg,abang
abanggku,abangku
abeees,habis
abes,habis
abez,habis
abg,abang
abgnya,abangnya
abgnyaah,abangnya
abiiiiisssss,habis
abiiiss,habis
abis,habis
abis2,habis-habis
abiss,habis
abisss,habis
abiz,habis
abizzz,habis
abizzzz,habis
abs,habis
acra,acara
ad,ada
ada2,ada-ada
adaa,ada
adain,mengadakan
adapin,menghadapi
add,ada
ade,adek
adeeek,adek
adek,adik 
adek2,adek-adek
adekx,adeknya
ademm,adem
ademmm,adem
adengan,adegan
adenya,adeknya
adeuh,aduh
adiik,adik
adkah,adakah
adl,adalah
adlh,adalah
aduhh,aduh
aduhhh,aduh
aduhhhhhhhhh,aduh
aduuh,aduh
aduuhh,aduh
aduuhhh,aduh
aduuhhhh,aduh
aduuuh,aduh
adyem,adem
ae,saja
aee,saja
aelah,alah
aer,air
agama'ny,agamanya
agan2,agan-agan
agk,agak
agma,agama
ahahahanjirrr,anjir
ahh,ah
ahhh,ah
ahhhh,ah
aiskrim,es krim 
aj,saja
aja,saja
ajaa,saja
ajaaa,saja
ajaaahhhhh,saja
ajah,saja
ajahhh,saja
ajaibb,ajaib
ajaibbbbb,ajaib
ajakin,mengajak
ajalah,saja 
ajarin,ajarkan
aje,saja
ajh,saja
ajha,saja
ajhh,saja
ajibb,ajib
ajj,saja
ajja,saja
ajjh,saja
ak,aku
akau,aku
akhirt,akhirat
akhlah,akhlak
akhrt,akhirat
akn,akan
akoh,saya
aku,saya
akuh,aku
akuhh,aku
akutu,saya
akuu,aku
akuuu,aku
akuuuur,akur
ala2,ala-ala
alaami,alami
alak,kepala
alamii,alami
alamiii,alami
alesan,alasan 
alhamd,alhamdulillah
alhamdulillaaaaah,alhamdulillah
alissnyaa,alisnya
alkhamdulilah,alhamdulillah
allaahh,allah
allahh,allah
allahhhh,allah
allahhhhhhh,allah
alloh,allah
alm,almarhum
almh,almarhumah
aloh,allah
alu,aku
am,sama
ama,sama
amaattt,amat
amaca,ah masa
amad,amat
amatt,amat
ambilin,mengambil
ameen,amin
amen,amin
amfun,ampun
amiend,amien
amienn,amien
amiennn,amien
amiennnn,amien
amiien,amien
amiiiiiiiiiiiiiiiiin,amin
amiiiiiiiiiiin,amin
amiiiiiiiiiinnnnnnn,amin
amiiiiin,amin
amiiiiinnn,amin
amiiiiinnnnn,amin
amiiiin,amin
amiiin,amin
amiiinn,amin
amiiinnn,amin
amiiinnnn,amin
amiin,amin
amiinn,amin
amiinnn,amin
amiinnnn,amin
amin2,amin-amin
aminn,amin
aminn2,amin-amin
aminnn,amin
aminnnn,amin
aminnnn2,amin-amin
aminnnnn,amin
amit2,amit-amit
ammiiin,amin
ammin,amin
amohhh,kamu
ampe,sampai
amploppp,amplop
ampunn,ampun
ampunnnn,ampun
ampunnnnn,ampun
ampuun,ampun
ampuunn,ampun
ampuuun,ampun
ampuuunn,ampun
ampyunnnn,ampun
amu,kamu
amuh,kamu
"anak""",anak-anak
anak'y,anaknya
anak2,anak-anak
anak2e,anak-anaknya
anak2mu,anak-anakmu
anak2nya,anak-anaknya
anakny,anaknya
anakx,anaknya
ancur,hancur
ancurrr,hancur
andaaa,anda
ane,saya 
aned,banget
anedh,banget
aneed,banget
aneh2,aneh-aneh
anehhh,aneh
aneut,banget
anget,hangat 
anj,anjing
anjaaaayyyyyy,anjay
anjaayy,anjay
anjayyyy,anjay
anjeng,anjing 
anjingnyaa,anjingnya
anjirr,anjir
anjirrr,anjir
anjirrrr,anjir
anjjjjjjjj,anjing
ank,anak
"ank""",anak-anak
ank2,anak-anak
ank2nya,anak-anaknya
ankknyaaa,anaknya
anknya,anaknya
ankx,anaknya
annnnjjjjjjrrrr,anjir
anterin,antar
anugrah,anugerah
anyeng,anjing
ap,apa
"apa""",apa-apa
apa2,apa-apa
apa2nya,apa-apanya
apaa,apa
apaaa,apa
apaaan,apaan
apaalahh,apalah
apah,apa
apain,apai
apal,hapal
apalagiii,apalagi
apalai,apalagi
apalg,apalagi
apalgi,apalagi
apasihhh,apasih
ape,apa
aph,apa
apikkkk,apik
aplikasiin,mengaplikasikan
aplks,aplikasi
apo,apa
apose,apa
appa,apa
applikasi,aplikasi
apun,apapun
apus,hapus
apz,apa
aq,aku
aqu,aku
arab2,arab-arab
arghhh,ah
artine,artinya 
"artis""",artis-artis
artis2,artis-artis
artisnyaa,artisnya
"artist""",artis-artis
artix,artinya
asek,asik 
asikkk,asik
asliii,asli
asliiii,asli
asliiiii,asli
aslinyo,aslinya
astafirullah,astagfirullah
astagaa,astaga
astagaaa,astaga
astagaaaa,astaga
astagaaaaaa,astaga
astagaaaaaaaa,astaga
astagfirrullah,astagfirullah
astagfirullh,astagfirullah
astauviruloh,astagfirullah
astgfrlh,astagfirullah
astgfrullah,astagfirullah
asuuu,asu
asyikkkkk,asyik
atassan,atasan
atassss,atas
"ati""",hati-hati
ati2,hati-hati
atit,sakit 
ato,atau
ats,atas
atu,satu
atuhh,atuh
atuhhh,atuh
atutt,takut
atuu,satu
atw,atau
aurot,aurat
auto,otomatis
autuhh,tau tuh
awaas,awas
awal2,awal-awal
awk,awak
awl,awal
awoohhh,allah
ayahh,ayah
ayang,sayang 
ayank,sayang
ayoklaa,ayolah
ayoo,ayo
ayooo,ayo
ayoook,ayo
ayoookkkkkk,ayo
ayoooo,ayo
ayooook,ayo
ayuk,ayo
ayukk,yuk
aza,saja
azaab,azab
azeeeek,asik
azekkkk,asik
b2,berdua
b2an,berduaan
b3,bertiga
baaaaaang,bang
baaiikkk,baik
baang,bang
baanget,banget
baanggeettt,banget
babang,abang
babget,banget
baca2,baca-baca
bacaaaa,baca
bacahalah,bacalah
bacotin,bacoti
badaaiii,badai
badaii,badai
badingkan,membandingkan
bae,baik 
bae2,baik-baik
baek,baik
baek2,baik-baik
bagaatt,banget
bagaimanaaa,bagaimana
bagaimna,bagaimana
baget,banget
bagi2,bagi-bagi
bagiii,bagi
bagiin,bagikan
bagus2,bagus-bagus
bagusnyeee,bagusnya
baguss,bagus
bagusss,bagus
bagussss,bagus
baguusss,bagus
baguuus,bagus
baguuuuus,bagus
bahas2,bahas-bahas
baik2,baik-baik
baik2nya,baik-baiknya
baikk,baik
baikxa,baiknya
bais,habis
baju'a,bajunya
baju.a,bajunya
baju2,baju-baju
bakalan,akan
bakar2in,bakar-bakari
bakattt,bakat
bales,balas
bales2in,balas-membalas
balesin,membalas
bandingin,bandingkan
bangat,banget
bangcat,bangsat
banged,banget
bangedd,banget
bangedt,banget
bangeeeeetttt,banget
bangeeeet,banget
bangeeet,banget
bangeeettt,banget
bangeer,banget
bangeet,banget
bangeett,banget
bangeettt,banget
banger,banget
banget,sekali 
bangets,banget
bangett,banget
bangettt,banget
bangetttt,banget
bangettttt,banget
bangetttttt,banget
bangettttttt,banget
bangetttttttt,banget
bangetttttyt,banget
bangg,bang
"bangga""in",membangga-banggakan
bangga2in,membangga-banggakan
banggain,banggakan
bangget,banget
banggett,banget
bangke,bangkai
bangkret,bangkrut
bangrt,banget
bangshad,bangsat
bangt,banget
"bangt""",banget-banget
banhet,banget
bante,bantai
bantuanny,bantuannya
bantuim,bantu
banx,bang
banyaaaaaak,banyak
banyaaaak,banyak
banyaak,banyak
banyak2,banyak-banyak
banyakin,membanyaki
bape,bawa perasaan
bapeeeer,bawa perasaan
bapeerr,bawa perasaan
baper,bawa perasaan
baperan,bawa perasaan
baperr,bawa perasaan
baraang,barang
barang2,barang-barang
barengan,bersamaan 
barengg,bareng
baru2,baru-baru
baruu,baru
baryaw,sabar ya
baso,bakso 
basodaraa,bersaudara
bat,banget
batesin,batasi
batikk,batik
battt,banget
batwc,banget
"bawa""",bawa-bawa
bawa2,bawa-bawa
bawak,bawa
bay,selamat tinggal
bayangin,bayangkan
bazengg,bajingan
bbm,bahan bakar minyak
bbrp,beberapa
bbrpa,beberapa
bc,baca
bca,baca
bcnda,bercanda
bcs,bisa 
bct,bicara 
bdampingan,berdampingan
bdan,badan
bdg,bandung 
bdn,badan
bebrp,beberapa
becanda,bercanda 
beda2,beda-beda
bedaa,beda
bedaaa,beda
bedain,membedakan
bedainnya,membedakannya
bedanyaaa,bedanya
bedua,berdua
begete,banget
beginii,begini
beginiiii,begini
bego,bodoh 
begok,bego
bejilbbnya,berjilbabnya
bekel,bekal 
"bela""in",membela-bela
bela2in,membela-bela
belain,membela
belanjaa,belanja
beliiin,belikan
beliin,membelikan
bellain,membela
belom,belum
belon,belum 
belooomm,belum
beluumm,belum
benahin,membenahi
"benar""",benar-benar
benar2,benar-benar
benarin,membenarkan
benda2,benda-benda
bener,benar
"bener""",benar-benar
bener2,benar-benar
beneraan,benaran
beneran,benaran
benerr,benar
benet,benar
benetaran,benaran
bengkak2,bengkak-bengkak
benneeeeeerr,benar
bentarr,bentar
ber'expresi,berekspresi
ber2,berdua
berangat,berangkat
berani2,berani-berani
berantem,bertengkar 
berarto,berarti
berati,berarti
beratttttttt,berat
berbakiti,berbakti
berbeda2,berbeda-beda
berbiiiiiihhh,barbie
berenanh,berenang
berenti,berhenti 
berfikir,berpikir
bergunaa,berguna
berhijap,berhijab
berjinah,berzina
berkluarga,berkeluarga
bermaksut,bermaksud
berntung,beruntung
bertatto,bertato
bertolernsi,bertoleransi
beruntungnyaaaa,beruntungnya
"besar""",besar-besar
besar2an,besar-besaran
besar2in,besar-besarkan
besarin,membesarkan
besokkk,besok
besook,besok
besoq,besok
bet,banget
bete,sebal 
bets,banget
bettt,banget
betul2,betul-betul
betuuuuulllllllllllllllll,betul
beud,banget
beudd,banget
beut,banget
bg,bang
bgd,banget
bgect,banget
bget,banget
bgettt,banget
bgi,bagi
bgini,begini
bgitu,begitu
bgks,bungkus 
bgm,bagaimana 
bgmana,bagaimana
bgmn,bagaimana
bgmna,bagaimana
bgn,bangun 
bgni,begini
bgntdr,bangun tidur 
bgs,bagus
bgt,banget
bgtt,banget
bgttt,banget
bgtttt,banget
bgttttttt,banget
bgtttttttt,banget
bgtu,begitu
bgtuu,begitu
bgun,bangun
bgus,bagus
bgussss,bagus
bhagaia,bahagia
bhagia,bahagia
bhas,bahas
bhay,selamat tinggal
bhet,banget
bhgia,bahagia
bhgiain,membahagiakan
bhijab,berhijab
bhkn,bahkan
bhn,bahan
bhnya,bahannya
bhs,bahasa
bhw,bahwa
bhwa,bahwa
bhy,bahaya 
biarin,biarkan
biasa2,biasa-biasa
biasaa,biasa
biasaaa,biasa
biasaaaa,biasa
biasahhh,biasa
bijak2,bijak-bijak
bijin,bikin
bikinin,bikin
bikinnn,bikin
"bilang""",bilang-bilang
bilang2,bilang-bilang
bilangg,bilang
bilangin,bilang
bilanh,bilang
bilng,bilang
binggo,banget
bingiiittttzzzz,banget
bingiiittzz,banget
bingiit,banget
bingiittt,banget
bingit,banget
bingits,banget
bingitss,banget
bingitsss,banget
bingitt,banget
bingittzz,banget
bingitzzzz,banget
bird,biru
biri,biru
bisaa,bisa
bisaaa,bisa
bisax,bisanya
bisya,bisa
biza,bisa
bj,baju 
bju,baju
bk,buku 
bka,buka
bkal,bakal
bkan,bukan
bkin,bikin
bkl,akan 
bkln,bakalan
bkn,bukan
bkr,bakar 
bks,bungkus 
bl,beli 
blajar,belajar
blakon,berlakon
bleh,boleh
blg,bilang
blh,boleh
bli,beli
bli2n,beli-belikan
blik,balik
blim,belum
bljr,belajar
blk,balik 
blkang,belakang
blkg,belakang 
blkng,belakang
blkngny,belakangnya 
blln,bulan
blm,belum
bln,bulan
blng,bilang
blngn,bilang 
blnja,belanja
bloghhh,goblok
blom,belum
bls,balas
blum,belum
bnda,bunda
bndg,bandung 
bndr,bandar 
bner,benar
"bner""",benar-benar
bner2,benar-benar
bneraan,benaran
bneran,benaran
bnern,benaran
bnerr,benar
bng,bang
bngatt,banget
bngeeeetttt,banget
bngeet,banget
bnget,banget
bngett,banget
bngettt,banget
bngetttt,banget
bnggain,banggakan
bngkit,bangkit
bngks,bungkus 
bngng,bingung 
bngt,banget
bngtt,banget
bngttt,banget
bngtttt,banget
bngtzt,banget
bngun,bangun
bngunlah,bangunlah
bngy,banget
bnk,bang
bnr,benar
bnr2,benar-benar
bnran,benaran
bnrbnr,benar-benar 
bnrn,benaran
bntar,bentar
bntr,bentar
bntu,bantu
bnyak,banyak
bnyk,banyak
bnykny,banyaknya 
bo'ong,bohong
bobo,tidur 
bobok,tidur 
bodhoo,bodoh
bodhooo,bodoh
bokap,ayah 
boker,berak
bol3h,boleh
bolang,bocah petualang
bole,boleh
boleh2,boleh-boleh
boong,bohong
boro2,boro-boro
bosaan,bosan
bosen,bosan
bosen2,bosan-bosan
bosenin,membosankan
boss,bos
botakin,botaki
botakkkk,botak
bp,bapak 
bpk,bapak 
bpkmu,bapakmu
bpknya,bapaknya
br,baru
bradegan,beradegan
brangnya,barangnya
brani,berani
branjak,beranjak
brantem,berantem
brapa,berapa
brarti,berarti
brasa,berasa
brayyy,bray
brbakti,berbakti
brbuat,berbuat
brdiri,berdiri
brdua,berdua
brengsekk,brengsek
bres,beres
brg,bareng
"brg""",bareng-bareng
brgkt,berangkat 
brhasil,berhasil
brhjb,berhijab
brhsl,berhasil 
brisi,berisi
brita,berita
britanya,beritanya
brjdh,berjodoh
brjln,berjalan 
brjodoh,berjodoh
brkfst,breakfast 
brkunjun,berkunjung
brmslh,bermasalah 
brngkt,berangkat 
bronis,brondong manis
brp,berapa
brpa,berapa
brpndapat,berpendapat
brrt,berarti
brrti,berarti
brs,beres 
brsama,bersama
brshbt,bersahabat 
brsm,bersama 
brsma,bersama
brsyukur,bersyukur
brthn,bertahan 
brtmn,berteman 
brtngkar,bertengkar
bru,baru
brubah,berubah
brusaha,berusaha
bs,bisa
bsa,bisa
bsk,besok
bsok,besok
bsoq,besok
bsr,besar 
bt,buat
btg,batang 
bth,butuh 
btl,betul 
btuh,butuh
btul,betul
btulan,betulan
buad,buat 
buanget,banget
buanyaaak,banyak
buatin,buatkan
bucin,budak cinta
bujngn,bujangan
bujukk,bujuk
buka2,buka-buka
buka2an,buka-bukaan
bukak,buka
bukan'a,bukannya
bukn,bukan
bukti2,bukti-bukti
buktiin,buktikan
buktinyaaa,buktinya
bulcit,omong kosong
bulet,bulat
bund,bunda
bundaa,bunda
bundaaa,bunda
bundaaaa,bunda
bunga2,bunga-bunga
bungggg,bung
bungkusin,bungkuskan
bungkuuussss,bungkus
bungkuuuuuuuuusss,bungkus
burem,buram
buruann,buruan
buruannn,buruan
busedh,buset
buseett,buset
buuun,bun
bw,bawa
bwa,bawa 
"bwa""",bawa-bawa
bwh,bawah 
bwt,buat
byak,banyak
byangin,membayangkan
byaran,bayaran
byk,banyak
bynk,banyak 
byr,bayar 
bz,bisa
c,sih
caaannnttiikkk,cantik
caantiiik,cantik
cabal,sabar 
cabe2,cabe-cabe
cabe2an,cabe-cabean
cabol,cabul
cabut,pergi
cadasss,cadas
caiank,sayang
cakeeeeppp,cakep
cakeep,cakep
cakep,cakap 
cakepp,cakep
cali,caci
campurin,mencampuri
canci,cantik
cannnnntikkkkkkk,cantik
cannntikk,cantik
cans,cantik
canteek,cantik
canti,cantik
cantiiiiiiik,cantik
cantiiiik,cantik
cantiiiikk,cantik
cantiiik,cantik
cantiiikk,cantik
cantiiikkk,cantik
cantiiillx,cantik
cantiik,cantik
cantiik2,cantik-cantik
cantiikk,cantik
cantiikkkk,cantik
cantik2,cantik-cantik
cantik2nya,cantik-cantiknya
cantika,cantik
cantikk,cantik
cantikkk,cantik
cantikkkk,cantik
cantikkkkk,cantik
cantikkkkkk,cantik
cantikkkkkkkk,cantik
cantikkkm,cantik
cantiknnnnyaaaaaaa,cantiknya
cantiknyaa,cantiknya
cantiknyaaa,cantiknya
cantiknyaaaaa,cantiknya
cantiks,cantik
cantikx,cantiknya
cantinya,cantiknya
cantip,cantik
cantiq,cantik
cantiqs,cantik
cantix,cantik
cantk,cantik
canttikkk,cantik
canttttikkk,cantik
canyk,cantik
capa,sapa
cape,capek
capee,cape
capek,capai 
capres,calon presiden
caranga,caranya
cari2,cari-cari
cariin,carikan
catet,catat 
catiiiiik,cantik
catokin,catok
cawapres,calon wakil presiden
caya,percaya
cb,coba
cba,coba
ccok,cocok
cd,celana dalam
ceemen,cemen
cek2,cek-cek
ceklist,ceklis
cekola,sekolah
cekolah,sekolah
celalaw,selalu
celalu,selalu
cem,macam
cemburuu,cemburu
cempreeng,cempreng
cemungudh,semangat
cemungut,semangat
cemunguth,semangat
centillll,centil
centilnyaaaaaa,centilnya
cepet,cepat
cepet2,cepat-cepat
cepetan,cepatan
cerdass,cerdas
cerdiik,cerdik
ceritax,ceritanya
cew,cewek
cewe,cewek
cewer,jewer
chelalyyu,selalu
choker2,choker-choker
ciapa,siapa
cibuq,sibuk
ciee,cie
cieee,cie
cieeee,cie
cieeeee,cie
ciieeeeeee,cie
ciiieee,cie
cinggirnyaaaa,cinggirnya
cini,sini
cino,cina
cintaaaaaaa,cinta
cintax,cintanya
ciptain,ciptakan
cita2,cita-cita
ciumman,ciuman
ciusss,serius
ciuuuummmm,cium
ciyeeee,cie
ciyeeeeeee,cie
ciyus,serius
ciyusss,serius
ckp,cukup
ckrg,sekarang 
ckrng,sekarang
ckup,cukup
cll,selalu
cllu,selalu
cllw,selalu
cm,cuma
cma,cuma
cman,cuman
cmkn,camkan
cmn,cuman
cmpk,cempaka 
cmpur,campur
cntiiikkk,cantik
cntik,cantik
cntikan,cantikan
cntikk,cantik
cntiknya,cantiknya
cntk,cantik
co,cowok
cobaa,coba
cobaaa,coba
cobaaaa,coba
cobain,coba
cobak,coba
coccokk,cocok
cock,cocok
cocokk,cocok
cocokkk,cocok
cocokkkk,cocok
cocokkkkk,cocok
cocokny,cocoknya
cocokx,cocoknya
cocook,cocok
cocookk,cocok
coeg,jancuk 
coeggg,coeg
cogan,cowok ganteng
comen,komen
comen2nya,komen-komennya
coment,komen
comment2nya,komentar-komentarnya
comnet,komen
comntr,komentar
cooocok,cocok
cooooooocok,cocok
"coret""",coret-coret
cow,cowok
cowo,cowok
coxok,cocok
coyyy,coy
cpa,siapa
cpat,cepat 
cpe,capek
cpee,capek
cpet,cepat
cpit,sipit
cpt,cepat
cptn,cepatan 
cr,cara
cri,cari
critamu,ceritamu
crt,cerita 
cth,contoh 
cuaaantikk,cantik
cuaantik,cantik
cuantek,cantik
cuanti,cantik
cuantik,cantik
cuantikkk,cantik
cubanget,lucu banget
cuchook,cocok
cuco,cocok
cucok,cocok
cucokkk,cocok
cug,jancuk 
cuk,jancuk 
cukurrr,cukur
cuman,hanya
cumn,cuman
cums,cuma
cungguh,sungguh 
curhat2,curhat-curhat
cuyy,cuy
cuyyy,cuy
cw,cewek
cwe,cewek
cwek,cewek
cwnya,ceweknya
cwo,cowok
cwok,cowok
cyang,sayang 
cyiiin,cinta
cyin,cinta
d,ada
d.apa,diapa
d.bikinin,dibikin
da,sudah
daaaah,deh
daaah,dah
daah,dah
dah,deh
dahh,dah
dahhhh,dah
dak,indak
dalem,dalam 
dalem2,dalam-dalam
dalil2,dalil-dalil
dallam,dalam
dapa,ada apa
dapah,ada apa
dapet,dapat
dapetin,mendapati
darpada,daripada
dasaar,dasar
dasarrr,dasar
dasyat,dahsyat
dateng,datang
dberkahi,diberkahi 
dblg,dibilang 
dblkang,dibelakang
dblkng,dibelakang
dbls,dibalas 
dbnding,dibanding
dbuat,dibuat
dbwh,dibawah
dbwt,dibuat 
dbyr,dibayar 
dcintai,dicintai
ddlm,di dalam
ddpat,didapat
ddpt,didapat
de,dek
debay,adek bayi
dech,deh
dede,adek
dedek,adek
dedeknya,adeknya
dee,dek
deeek,dek
deeh,deh
deg2an,deg-degan
dehat,sehat
dehh,deh
dehhh,deh
dehhhh,deh
deket,dekat
deketin,dekati
dekk,dek
dekkk,dek
dekt,dekat
demen,suka 
dempga,semoga
dengarin,mendengarkan
dengeeriin,dengarkan
denger,dengar
dengerin,dengarkan
deres,deras 
deuhh,duh
dewassa,dewasa
dftr,daftar 
dg,dengan
dgn,dengan
dgr,dengar
dgrn,dengarin 
dh,deh
dhe,deh
dhi,di
dhpusin,dihapuskan
diaa,dia
diaaa,dia
diajarin,diajari
diakibtkn,diakibatkan
"diam""",diam-diam
diamkn,diamkan
dianter,diantar
dianterin,diantar
diapa2in,diapa-apai
diapain,diapakan
dibangga'in,dibangga-banggakan
dibanggain,dibanggakan
dibiarin,dibiarkan
dibikin2,dibikin-bikin
dibkatakan,dikatakan
dibls,dibalas
dibnggain,dibanggakan
didapet,didapat
didatengin,didatangi
didenger,didengar 
didengerin,didengarkan
diee,dia
dieee,dia
diem,diam
diemin,diamkan
diemm,diam
difotoin,difoto
digabtikan,digantikan
digambarin,digambarkan
diginiin,dibeginikan
diginikan,dibeginikan
digituin,dibegitukan
dihargain,dihargai
dihh,dih
dihpus,dihapus
dii,di
diihhhh,dih
diindonesis,diindonesia
diingetin,diingatkan
dijadiin,dijadikan
dijelekin,dijelekkan
dijkt,dijakarta
dijwb,dijawab
dikata2in,dikata-katai
dikatain,dikatai
dikemanain,dikemanakan
dikerasin,dikerasi
dikit,sedikit 
diksi,dikasih
diladenin,diladeni
dilepas2,dilepas-lepas
diliat,dilihat
diliatnya,dilihatnya
dilindungin,dilindungi
diluangin,diluangkan
diluarann,diluaran
"dimana""",dimana-mana
dimance,dimana
dimandose,dimana
dimans,dimana
dimao,dimau
dimarahin,dimarahi
dimasukin,dimasuki
dimusiumin,dimuseumkan
dinamakn,dinamakan
"dingin""",dingin-dingin
dinyanyiin,dinyanyikan
dipake,dipakai
dipendem,dipendam 
dipermainin,dipermainkan
dipikirin,dipikirkan
dipojokin,dipojokkan
dipuja2,dipuja-puja
diputusin,diputuskan
dirimuuu,dirimu
dirmh,dirumah
dirumahny,dirumahnya
disiniii,disini
disni,disini
disupirin,disopiri
ditayangin,ditayangkan
ditemenin,ditemani 
ditengah2,ditengah-tengah
ditutupin,ditutupi
dituutup,ditutup
diurusin,diurusi
djkt,di jakarta 
djl,di jalan 
djln,di jalan 
dkat,dekat 
dket,dekat 
dket2in,dekat-dekati
dkls,di kelas 
dkmps,di kampus 
dkmr,di kamar 
dkntr,di kantor 
dksh,dikasih 
dkt,dekat 
dkuburnya,dikuburnya
dl,dulu
dlam,dalam
dll,dan lain
dlm,dalam
dlrng,dilarang 
dlu,dulu
dluan,duluan 
dluar,diluar
dmana,dimana
dmkn,dimakan 
dmn,dimana
dmna,dimana
dmnmn,dimana-mana 
dmny,dimananya 
dn,dan
dng,dengan
dngan,dengan
dngar,dengar 
dnger,dengar 
dngerin,mendengarkan
dngn,dengan 
dngr,dengar 
dnk,dong
do,di
doa2,doa-doa
doaang,doang
doang,saja 
doangam,doang
doank,doang
doeloe,dulu
dongg,dong
donggg,dong
dongggg,dong
donk,dong
donkk,dong
donks,dong
donlot,download 
donx,dong
doong,dong
doonk,dong
dooong,dong
dosa2mu,dosa-dosamu
dosaa,dosa
dosaaaaaaaaaa,dosa
dosax,dosanya
doyan,suka 
dpan,depan 
dpet,dapat 
dpk,depok 
dpke,dipakai
dpkrkn,dipikirkan 
dpn,depan
dpnrmh,depan rumah 
dposisi,diposisi
dpotong,dipotong
dpt,dapat
dptkan,dapatkan
dptnya,dapatnya
dr,dari
dramaa,drama
drg,dokter gigi 
drh,darah 
dri,dari
drii,dari
drimana,darimana
drimnanya,darimananya
dripada,daripada
dripda,daripada
drmh,di rumah 
drmn,darimana
drpada,daripada
drpd,daripada
drtd,dari tadi
drumah,di rumah
dsana,disana
dsar,dasar
dsb,dan sebagainya
dsblh,di sebelah
dsini,disini
dsklh,di sekolah
dsna,disana
dsni,disini
dsr,dasar
dsrny,dasarnya
dssi,disisi
dst,dan seterusnya
dstu,disitu
dteng,datang
dtg,datang
dtggu,ditunggu
dtgkan,datangkan
dtgny,datangnya 
dtinggl,ditinggal
dtmbh,ditambah 
dtmpt,di tempat
dtng,datang 
dtnggu,ditunggu
dtunggu,ditunggu
dua2nya,dua-duanya
duanyaa,duanya
duetin,duet
duhh,duh
duhhh,duh
duhhhhh,duh
dulurrr,dulur
duluu,dulu
duluuu,dulu
duluw,dulu
dumsss,dong
dung,dong
dunk,dong
dureen,duren
durhaka2,durhaka-durhaka
duuhh,duh
duuhhh,duh
duuhhhhh,duh
duuuhh,duh
duuuhhh,duh
dwh,deh
dwsa,dewasa
dy,dia
dya,dia
ea,ya
eakyu,waktu
edaaaan,edan
edaaan,edan
edaaann,edan
edannn,edan
editannn,editan
eeeeh,eh
eeeehhhh,eh
eehhh,eh
eeq,feses 
eey,eh
ehh,eh
ehhh,eh
eksprsi,ekspresi
elaaaahhhh,alah
elahh,alah
elfeel,jijik
elo,lo
elo2,lo-lo
eloo,lo
elu,lu
elus2,elus-elus
ema,emak
emak2,emak-emak
emakx,emaknya
emang,memang
emangnya,memangnya
emank,memang
emeessss,gemas
emeezzz,gemas
emeshh,gemas
emesshhh,gemas
emessss,gemas
emg,memang
emk,emak
emng,memang
emngnya,memangnya
emnknya,memangnya
enakkkkk,enak
engga,tidak
"engga""",tidak-tidak
engk,tidak
enk,enak
entahhh,entah
entar,nanti 
ente,anda 
entr,entar
epe,apa
eps,episode 
eror,error
eteb,bosan
eug,saya
euyyyyy,euy
expresi,ekspresi
eyke,aku
ez,mudah
faham,paham 
fakta2,fakta-fakta
fakultass,fakultas
fans,fan
fans2,fan-fan
fatanik,fanatik
fav,favorit
fave,favorit
favoriteeee,favorit
fb,facebook 
fhoto,foto
fhotonya,fotonya
fi,di
fikiran,pikiran
fillm,film
filmny,filmnya
fix,sudah pasti
flim.a,filmnya
flm,film
fotbar,foto bareng
"foto""",foto-foto
foto2,foto-foto
foto2nya,foto-fotonya
fotoin,memfoto
fotony,fotonya
frestasiii,prestasi
fto,foto
fto2,foto-foto
g,tidak
ga,tidak
gaa,tidak
gaada,tidak ada
gabakal,tidak bakal
gabisa,tidak bisa
gaboleh,tidak boleh
gabut,menganggur
gada,tidak ada
gadiss,gadis
gaenak,tidak enak
gag,tidak
gagahx,gagahnya
gaharus,tidak harus
gajadi,tidak jadi
gaje,tidak jelas
gajelas,tidak jelas
gak,tidak
gakk,tidak
gakkk,tidak
gakpapa,tidak apa-apa
gakuat,tidak kuat
gakusah,tidak usah
gakwad,tidak kuat
gakz,tidak
galo,galau 
gamasuk,tidak masuk
gamau,tidak mau
gambarin,gambarkan
gangguin,mengganggu
gans,ganteng
ganteeeeng,ganteng
ganteng2,ganteng-ganteng
gantengg,ganteng
gantenggg,ganteng
gantengkuuuuuu,gantengku
gantengnyaaaa,gantengnya
ganteung,ganteng
gantheng,ganteng
ganti'kn,menggantikan
gantiin,menggantikan
gantng,ganteng
gantweng,ganteng
gapake,tidak pakai
gapap,tidak apa-apa
gapapa,tidak apa-apa
gapernah,tidak pernah
gaprgi,tidak pergi
gapunya,tidak punya
"gara""",gara-gara
gara'',gara-gara
gara2,gara-gara
garem,garam 
garemin,garami
garuk2,garuk-garuk
gas,ayo
gasalah,tidak salah
gasih,tidak sih
gasuka,tidak suka
gatau,tidak tau
gataunya,tidak taunya
gataw,tidak tahu
gatel,gatal 
gausa,tidak usah
gausah,tidak usah
gawe,kerja 
gawl,gaul
gawul,gaul
gayannxa,gayanya
gayany,gayanya
gayax,gayanya
gblk,goblok
gbr,gambar 
gbs,tidak bisa
gda,tidak ada
gde,gede
gdg,gudang 
gebleg,geblek
gedeg,gedek
geeelaakk,gila
geetoo,begitu
gegra,gegara
geh,gih
gehh,gih
gemay,gemas
gembel,jelek 
gemeeezzzz,gemas
gemeessss,gemas
gemes,gemas
gemesiin,menggemaskan
gemesin,menggemaskan
gemesinnnnn,menggemaskan
gemesnya,gemasnya
gemess,gemas
gemesshh,gemas
gemesshzzzzhzzhzhzhsjssjs,gemas
gemesss,gemas
gemesyak,gemas ya
gemez,gemas
gemezz,gemas
gemezzzz,gemas
gemmeeezzz,gemas
genduut,gendut
geneeee,begini
gengges,ganggu
genggg,geng
genittt,genit
geuliiiiiiis,geulis
gewlaaaaa,gila
gg,tidak
gga,tidak
ghiy,lagi
gi,lagi
giitu,begitu
gilaa,gila
gilaaa,gila
gilaaaa,gila
gilaaaaaa,gila
gilak,gila
gilakkk,gila
gilakkkkk,gila
gilakkkkkk,gila
gile,gila
gils,gila
gilsss,gila
gilzz,gila
gimana,bagaimana
gimanaa,bagaimana
gimanaaaa,bagaimana
gimn,bagaimana
gimna,bagaimana
gingsungny,gingsulnya
gini,begini
ginian,beginian
ginii,begini
giniii,begini
giniin,beginikan
ginting,ganteng
giti,begitu
gitu,begitu
gitu2,begitu-gitu
gituan,begituan
gituh,begitu
gituin,begitukan
gitulah,begitulah
gituu,begitu
gituuu,begitu
gituuuuu,begitu
gk,tidak
gkhianati,mengkhianati
gkk,tidak
gkkan,tidak akan
gksalah,tidak salah
gksi,tidak sih
glembeeeer,gelambir
gmana,bagaimana
gmanapun,bagaimanapun
gmau,tidak mau
gmbr,gambar 
gmn,bagaimana
gmna,bagaimana
gmpg,gampang
gmpng,gampang 
gn,begini
gndakan,gandakan
gni,begini
gnii,begini
gnti,ganti
gnyngka,tidak menyangka
goblokkk,goblok
gokiiill,gila
gokil,gila
gokill,gila
gokilll,gila
gokillllll,gila
gokilnya,gilanya
goncengin,boncengkan
gosipin,menggosipkan
gossip2.an,gosip-gosipan
gpny,tidak punya
gpp,tidak apa-apa
gprnh,tidak pernah
gr2,gara-gara
gra2,gara-gara
graaatiiiis,gratis
gratisan,gratis 
gratiss,gratis
gratisss,gratis
greged,greget
grgr,gara-gara
grunya,gurunya
gt,begitu
gtau,tidak tau
gthu,begitu
gtu,begitu
"gtu""",begitu-gitu
"gtu""an",begitu-gituan
gtu2,begitu-gitu
gtuh,begitu
gtuu,begitu
gtw,tidak tau
gua,saya 
guaa,gua
guaaaaaaa,gua
guanteng,ganteng
gub,gubenur
gue,saya 
guee,gue
gueee,gue
gueeeee,gue
gunaa,guna
guw,gue
gw,gue
gws,get well soon
gx,tidak
gya,gaya
hadapin,menghadapi
haddeh,aduh
hadeeehhh,aduh
hadeehh,aduh
hadeeuh,aduh
hadeh,aduh 
hadeuh,aduh
hadeuuh,aduh
hadeuuhhhh,aduh
hadirr,hadir
hadirrr,hadir
haduh,aduh
haduuuh,aduh
haii,hai
haiii,hai
hal2,hal-hal
halahh,alah
halangin,halangi
halllo,halo
hallo,halo
hallooo,halo
halooo,halo
halow,halo
hampasss,hempas
hancurin,menghancurkan
hancuuuuuy,hancur
hapal,hafal
"happi""",hepi-hepi
hapusin,hapuskan
haqq,hakiki 
haragain,menghargai
hargain,hargai 
hargs,harga
hari2,hari-hari
harini,hari ini
haru,harus
hasilnyaaa,hasilnya
haslnya,hasilnya
hat,hati
"hati""",hati-hati
hati.a,hatinya
hati2,hati-hati
hatii,hati
hatiiii,hati
hay,hai
hayal,khayal
hayalanku,khayalanku
hayooo,hayo
hayukk,hayo
hayuu,hayo
hbd,happy birthday
hbis,habis
hbng,hubungi 
hbs,habis
hbskn,habiskan 
hdk,hendak
hdp,hidup
hdpn,hadapan
hdpnya,hidupnya
hdup,hidup
hebaat,hebat
hebatt,hebat
hedeuuhh,aduh
heeee,hai
hehh,eh
heii,hai
helloo,halo
hellooooooo,halo
helo,halo
helooooo,halo
hematt,hemat
hempaass,hempas
heters,pembenci 
hgga,hingga
hianatin,khianati
hidiyah,hidayah
hiduppp,hidup
hidupppp,hidup
hidupx,hidupnya
hiduupppp,hidup
hiii,hai
hijaabbb,hijab
hijabb,hijab
hijap,hijab
hilangin,menghilangkan
hilangv,hilang
himana,bagaimana
hiraukn,hiraukan
hiri,hari
hlg,hilang 
hlm,halaman 
hlmn,halaman 
hmpir,hampir
hndak,hendak
hndk,hendak
hngga,hingga
hny,hanya
hnya,hanya
hoax,bohong
hoaxx,bohong
hokiii,hoki
hotak,botak
hotx,hotnya
hpus,hapus
hqq,hakiki 
hr,hari
hrg,harga 
hrgny,harganya 
hri,hari
hrs,harus
hrsny,harusny
hrsnya,harusnya
hrus,harus
hrusnya,harusnya
hslnya,hasilnya
ht,hati
hti,hati 
hub,hubungi
hubngan,hubungan
hubunggi,hubungi
hujatann,hujatan
hums,rumah
humz,rumah
huum,iya
hy,hai
iaa,ya
ibliss,iblis
ibu2,ibu-ibu
ibuk2,ibu-ibu
idamann,idaman
idiiot,idiot 
idolaa,idola
idoolaaa,idola
idung,hidung
idungnya,hidungnya
idup,hidup
idupnya,hidupnya
igtlah,ingatlah
ihh,ih
ihhh,ih
ihhhh,ih
ihhhhh,ih
iih,ih
iihh,ih
iiih,ih
iiihh,ih
iiihhhh,ih
iiihhhhh,ih
iiii,ih
iiiihhhhhj,ih
iiiiiiiii,ih
iiiiiiiiii,ih
ijap,ijab
ikh,ih
ikut2,ikut-ikut
ikut2an,ikut-ikutan
ikutin,mengikuti
ilang,hilang
"ilang""",hilang-hilang
ilang-in,hilangkan
ilang2,hilang-hilang
ilang2an,hilang-hilangan
ilmh,ilmu
ily,saya cinta kamu 
imoet,imut
imut2,imut-imut
imutt,imut
imutttttt,imut
imuttzz,imut
imuutt,imut
imuuttt,imut
in,ini
indahhh,indah
indefendet,independen
indo,indonesia
indoneaia,indonesia
indonesiaaa,indonesia
indonesiaah,indonesia
infpyunnnn,ampun
ingeet,ingat
inget,ingat
ingetin,mengingatkan
inggat,ingat
inggrisny,inggrisnya
inghinn,ingin
ingi,ingin
inginkn,inginkan
ingt,ingat
inia,ini
iniehh,ini
inih,ini
inihhh,ini
inii,ini
iniii,ini
iniiiii,ini
iniiiiiiiiiiiiiii,ini
iniw,ini
inni,ini
insonniaaa,insomnia
iooo,lo
iriiiii,iri
iseng2,iseng-iseng
istimewaaa,istimewa
istiqamah,istikamah
istiqomah,istikamah
istiqomahhh,istikamah
istrht,istirahat 
it,itu
item,hitam 
ithu,itu
ituh,itu
itumah,itu 
itumahh,itumah
itungan,hitungan
ituu,itu
ituuu,itu
ituuuu,itu
ityl,itil
iu,itu
iy,iya
iyaa,iya
iyaaa,iya
iyaaaa,iya
iyaap,iya
iyaappps,iya
iyach,iya
iyah,iya
iyain,mengiyakan 
iyak,iya
iyap,iya
iyapz,iya
iyh,iya
iyha,iya
iyoo,iya 
iyuh,ih
iyup,iya
iyupz,iya
iyuuhhh,ih
iyuuuhhhh,ih
j,saja
ja,saja
jaaangan,jangan
jaadii,jadi
jabar,jakarta barat
jadii,jadi
jadiin,jadikan
jadilh,jadilah
jadu,jadi
jadull,jadul 
jadulnya,jaman dulunya
jagain,jaga
jahatin,menjahati
jakety,jaketnya
"jalan""nya",jalan-jalannya
jalan2,jalan-jalan
jalanani,menjalani
jalanin,menjalani
jamam,jaman
jaman2,jaman-jaman
jaman2nya,jaman-jamannya
jamber,jam berapa
jan,jangan
jancoeg,jancuk 
"jangan""",jangan-jangan
jangan2,jangan-jangan
janjutin,lanjutkan
janka,jangka
jaoooh,jauh
jari2,jari-jari
jasel,jakarta selatan
jateng,jakarta tengah
jatim,jakarta timur
jatoh,jatuh
jatuhnyaa,jatuhnya
jatut,jakarta utara
jauhh,jauh
jauhhh,jauh
jauhin,jauhi
jauuhhh,jauh
jawabanny,jawabannya
jawabanya,jawabannya 
jd,jadi
jd'y,jadinya
jdi,jadi
jdii,jadi
jdny,jadinya 
jdnya,jadinya 
jdulnya,judulnya
jdwl,jadwal
"jelas""",jelas-jelas
jelas2,jelas-jelas
jelase,jelas
jelashh,jelas
jelasssss,jelas
"jelek""in",menjelek-jelekkan
jelek2,jelek-jelek
jelekin,menjelekkan
jelex,jelek
jels,jelas
jem,jam 
jendes,janda
jendess,janda
jendesss,janda
jendral,jenderal
jeniuss,jenius
jerewi,jerawat
jg,juga
jga,juga
jgan,jangan
jgk,juga
jglh,jagalah 
jgn,jangan
jgn2,jangan-jangan
jgnjgn,jangan-jangan 
jh,saja
jidad,jidat
jilbabny,jilbabnya
jilbabnyaah,jilbabnya
jilbabnye,jilbabnya
jilbb,jilbab
jing,anjing
jink,anjing 
jirr,anjir
jirrrr,anjir
jjur,jujur
jk,jika
jkrt,jakarta 
jkrta,jakarta
jkt,jakarta
jl,jalan 
jlbb,jilbab
jlek,jelek
jln,jalan
jln2,jalan-jalan
jls2,jelas-jelas
jm,jam 
jmbtn,jembatan 
jml,jumlah 
jmlh,jumlah 
jmnya,jamnya
jmpaaaa,jumpa
jmpt,jemput 
jmt,jumat 
jnagn,jangan
jnda,janda
jng,jangan
jngan,jangan
jngn,jangan
jngnn,jangan
jodohny,jodohnya
jodohx,jodohnya
jogetin,berjoget
jombsss,jomblo
jorokkkk,jorok
jorookknya,joroknya
jpn,jepang 
jrang,jarang
jrg,jarang 
jrng,jarang 
jrnk,jarang
jt,juta
judulnyaa,judulnya
jugaa,juga
jugaaa,juga
jugaakk,juga
jugak,juga
jungkiir,jungkir
justeru,justru
jwab,jawab
jwb,jawab
jwban,jawaban
jwbn,jawaban 
jwbny,jawabannya 
k,kak
k',kak
ka,kak
kaa,kak
kaaa,kak
kaaaa,kak
kaaaaa,kak
kaaaaaaaaaakkkkkkkkkkk,kak
kaaaaaann,kan
kaaakk,kak
kaaan,kan
kaak,kak
kaakaaaa,kakak
kaakk,kak
kaan,kan
kaannnn,kan
kaasian,kasihan
kacauuuu,kacau
kacian,kasihan
kaciiaann,kasihan
kadroen,kadrun
kafeh,kafe
kaga,kagak
kagak,tidak 
kageeet,kaget
kageet,kaget
kaitannha,kaitannya
kaj,kak
kaka,kakak
kakakaaaaaaaaaaaaaa,kakak
kakakgh,kakak
kakakkk,kakak
kakakny,kakaknya
kakakuuu,kakakku
kakanga,kakaknya
kakanya,kakaknya
kakau,kalo
kakk,kak
kakkk,kak
kakkkk,kak
kakkkkk,kak
kalahnye,kalahnya
kale,kali
kalee,kali 
kaleee,kali
kaleyan,kalian
kaliaan,kalian
kaliann,kalian
kaliannn,kalian
kaliannnnnm,kalian
kaliannnnnn,kalian
kaliannnnnnn,kalian
kalii,kali
kaliii,kali
kaliiii,kali
kaliiiiiii,kali
kaliiin,kalian
kalik,kali
kalli,kali
kallo,kalo
kalo,kalo 
kalogak,kalo tidak
kalok,kalo
kaloo,kalo
kalu,kalo
kalw,kalo
kam,kamu
kamiiii,kami
kamo,kamu
kampungn,kampungan
kamsud,maksud 
kamu2,kamu-kamu
kamunyaa,kamunya
kamuu,kamu
kamuuuu,kamu
kamyuhhh,kamu
kana,kanan
kanapa,kenapa
kancang,kencang
kangeeeeeeeeeeennnnn,kangen
kangeeeeeeeeennnnnnnn,kangen
kangeeeeeeeenya,kangen
kangeeeeennn,kangen
kangeeeennn,kangen
kangeeeennnnn,kangen
kangeeerrn,kangen
kangeen,kangen
kangeenn,kangen
kangem,kangen
kangenn,kangen
kangennn,kangen
kangennnn,kangen
kangennnnn,kangen
kangennnnnmnnnnnnnnnnnnnnnnn,kangen
kangennnnnn,kangen
kangennnnnnn,kangen
kangennnnnnnnnnnnnnnn,kangen
kanggen,kangen
kanggggg,kang
kann,kan
kannn,kan
kaos/mug/jaket, 
kapaan,kapan
kapan2,kapan-kapan
kapn,kapan
kareno,karena
karir.a,karirnya
karmaaa,karma
karna,karena
karoke,karaoke 
kartunin,kartun
"karya""",karya-karya
karya2,karya-karya
kasar2,kasar-kasar
kasi,kasih
kasiaannn,kasihan
kasian,kasihan
kasiannn,kasihan
kasiatnya,khasiatnya
kasihn,kasihan
kasiian,kasihan
"kata""",kata-kata
kata2,kata-kata
kata2nya,kata-katanya
kata2nyaaa,kata-katanya
katanyaa,katanya
kate,kata
kau,kamu 
kauuuu,kau
kawinin,mengawini
kaya,kayak
kaya'a,kayanya
kayaa,kaya
kayahhh,kaya
kayak,mirip 
kayakk,kayak
kayanya,kayaknya 
kayanye,kayanya
kayaq,kayak
kayax,kayak
kbahagiaan,kebahagiaan
kbawa,terbawa
kberkahn,keberkahan
kbetulan,kebetulan
kbiasaan,kebiasaan
kbnykn,kebanyakan 
kbr,kabar 
kbtln,kebetulan 
kbykn,kebanyakan 
kcantikan,kecantikan
kcewa,kecewa
kcil,kecil
kcwa,kecewa
kdang,kadang
kdg,kadang
kdg2,kadang-kadang
kdng,kadang
kdpn,ke depan
kdua,kedua
keak,kayak
kebagi,terbagi
"kebaikan""y",kebaikannya
kebalas,terbalas
kebangetak,kebangetan
kebanggan,kebanggaan
kebarat2an,kebarat-baratan
kebawa,terbawa
kebayang,terbayang
kebayanyaa,kebayanya
keberpa,keberapa
kebnyak'an,kebanyakan
kebongkar,terbongkar
kebukaaa,terbuka
kebukti,terbukti
kebykan,kebanyakan
kecakepan,kecakapan 
kecantikanga,kecantikannya
kece2,kece-kece
keceee,kece
keche,kece
keciil,kecil
keciill,kecil
kecik,kecil
"kecil""",kecil-kecil
kecptan,kecepatan
kecr,kece
kedengeran,kedengaran
kedokk,kedok
kedpan,kedepan
keduaa,kedua
keedaannya,keadaannya
keee,ke
keeeeeren,keren
keeeerrrreeeennnnnnnnn,keren
keinget,teringat
kejadianny,kejadiannya
kejahatn,kejahatan
kejawab,terjawab
kejuu,keju
kek,kayak
kekgini,kayak begini
kekk,kayak
keknya,kayaknya
kekuranganny,kekurangannya
kel,keluarga
kelahuran,kelahiran
kelaluan,kelakuan
kelaperan,kelaparan 
kelar,selesai 
kelas'a,kelasnya
keles,kali
keliatan,kelihatan
keliatannya,kelihatannya
kellen,kalian
keluarin,mengeluarkan
kelus,kali
kemakan,termakan
kemaren,kemarin
kemariin,kemarin
kemarn,kemarin
kembaq,kembar
kemn,kemana
kemuh,kamu
kenaliiin,kenalkan
kenalin,mengenalkan
kenapaa,kenapa
kenapah,kenapa
kenape,kenapa
kenaps,kenapa
kenapz,kenapa
kenceng,kencang
kencng,kencang
kencqng,kencang
kenyataan2,kenyataan-kenyataan
kepad,kepada
kepd,kepada
kepda,kepada
kepeleset,kepleset
kepelesett,terpeleset
kepengen,ingin 
kepikir,terpikir
kepingin,pengin
kepngn,ingin 
kepo,ingin tahu
kepoh,kepo
kepoin,mengepoi
kepppoin,kepoi
keputihn,keputihan
keq,kek
kerasin,kerasi
kerass,keras
kereeeeen,keren
kereeeeennn,keren
kereeeeennnn,keren
kereeeen,keren
kereeen,keren
kereeennnn,keren
kereen,keren
kereenn,keren
kereennn,keren
"keren""",keren-keren
keren2,keren-keren
kerenn,keren
kerennn,keren
kerennnn,keren
kerennnnn,keren
kerikil,kerikil 
kerjaan,pekerjaan
kerreeen,keren
kerrennn,keren
kerrrrennnn,keren
kesalahanny,kesalahannya
kesampean,kesampaian
kesel,kesal 
kesian,kasihan 
kesinii,kesini
kesiniii,kesini
ketaatanny,ketaatannya
ketara,tertara
ketarik,tertarik
ketauan,ketahuan
ketawa,tertawa 
ketawaa,ketawa
ketawain,mentertawakan
ketawakkkk,ketawa
ketemuuu,ketemu
ketipu,tertipu
ketuker,tertukar
keujanan,kehujanan 
keyen,keren
kga,tidak 
kgak,kagak
kgeeeen,kangen
kgk,tidak 
kgn,kangen
kh,kah
kha,kah
khabar,kabar 
khadiran,kehadiran
khadirannya,kehadirannya
khan,kan
khanz,kan
kharismanya,karismanya
khdpn,kehidupan
khidupan,kehidupan
khsny,khususnya 
khwtr,khawatir 
kira2,kira-kira
kirain,mengira
kiriii,kiri
kirimin,mengirimi
kitaa,kita
kitaaa,kita
kite,kita
kiya,kita
kk,kakak
kka,kakak
kkak,kakak
kki,kaki
kklau,kalo
kl,kalo
klahiran,kelahiran
klakuan,kelakuan
klas,kelas
klau,kalo
klauu,kalo
klen,kalian
klepek2,klepek-klepek
klg,keluarga
klh,kalah 
klhran,kelahiran
kli,kali
klian,kalian
kliatan,kelihatan
kliatanya,kelihatannya
klihatan,kelihatan
klk,kelak
klkuan,kelakuan
kll,kalo
klmbutan,kelembutan
klmpk,kelompok 
kln,kalian
klo,kalo
klok,kalo
kloop,klop
klop,cocok
klow,kalo
klp,kelompok 
klrga,keluarga
kls,kelas 
klu,kalo
kluar,keluar
kluarga,keluarga
klw,kalo
km,kamu
kmana,kemana
kmana2,kemana-mana
kmar,kamar
kmaren,kemarin
kmariiin,kemarin
kmarin,kemarin
kmauan,kemauan
kmbali,kembali
kmbang,kembang
kmbl,kembali
kmewahan,kemewahan
kmi,kami
kmn,kemana
kmna,kemana 
kmpret,kampret 
kmps,kamus 
kmr,kamar 
kmren,kemarin
kmrin,kemarin
kmrn,kemarin
kmu,kamu
kn,kan
kna,kena 
knan,kanan
knapa,kenapa 
kndung,kandung
kngen,kangen
kngenn,kangen
kngn,kangen
knl,kenal
knlan,kenalan
knp,kenapa
knpa,kenapa
knpp,kenapa
knsul,konsultasi
kntr,kantor 
knyataan,kenyataan
knyng,kenyang 
ko,kok
kobul,kabul
kocaaaak,kocak
kocaaaakkk,kocak
kocakkk,kocak
kocakkkkkk,kocak
kocakkkkkkkkkkkkkk,kocak
koclak,kocak
kog,kok
kokkk,kok
kokohh,engkoh
komen2,komen-komen
komen2an,komen-komenan
komenan,komentar
komenannya,komentarnya
koment,komentar
komentar2,komentar-komentar
komentarin,komentari
komentnya,komentarnya
komenx,komennya
komntr,komentar
komuk,muka
komunitas2,komunitas-komunitas
konsekwensi,konsekuensi
konsen,konsentrasi 
konsul,konsultasi
kontak2,kontak-kontak
konten2,konten-konten
koplak,kocak
koplakkk,koplak
koq,kok
korek2,korek-korek
kosan,kost 
kostom,kostum
kowe,kamu 
kox,kok
kpada,kepada
kpala,kepala 
kpan,kapan
kpancing,terpancing
kpd,kepada
kpgn,ingin 
kpleset,kepleset
kpn,kapan
kpn2,kapan-kapan
kpngn,ingin 
kpnpun,kapanpun
kpuasan,kepuasan
kq,kok
kqmu,kamu
kr,kira
kra,kira
kraya,karya
kreative,kreatif
kreean,keren
kreeenn,keren
kreen,keren
kren,keren
krena,karena
krenn,keren
krg,kurang 
kri,kiri
krikil,kerikil 
kriput,keriput
krja,kerja 
krjaan,pekerjaan
krm,kirim
krmh,ke rumah
krn,karena
krna,karena
krng,kurang
krpoooo,kepo
krudung,kerudung
krudungan,kerudungan
krupuk,kerupuk 
krus,kurus
krya,karya
ksenangan,kesenangan
ksh,kasih
kshtn,kesehatan
ksian,kasihan 
ksih,kasih
ksini,kesini
ksitu,kesitu
kslahan,kesalahan
kslhn,kesalahan
ksmptn,kesempatan 
ksn,kesana 
ksni,kesini
ksukaanmuuu,kesukaanmu
ksyngn,kesayangan
kt,kita
kt2,kata-kata
kta,kata
ktaa,kita
ktaatan,ketaatan
ktanya,katanya
ktawa,ketawa
ktdrn,ketiduran 
ktemu,ketemu
ktergantungan,ketergantungan
ktg,kita
ktika,ketika
ktmpt,ke tempat
ktmu,ketemu
ktny,katanya
ktnya,katanya
ktr,kantor 
ktwa,ketawa
kuaaatt,kuat
kuatttt,kuat
kubarikan,kuberikan
kucing'y,kucingnya
kueren2,keren-keren
kuliyh,kuliah
kuninggg,kuning
kuningggg,kuning
kunjungin,kunjungi
kuq,kok
kura2,kura-kura
kurangin,kurangi
kureeeen,keren
kurng,kurang
kusem,kusam
kususnya,khususnya
kutuu,kutu
kuu,ku
kuy,yuk
kuyy,yuk
kuyyy,yuk
kw,kau
kwatir,kawatir
kx,kak
ky,kaya
kya,kaya
kyak,kayak
kyaknya,kayaknya
kyanya,kayanya
kyax,kayak
kyk,kayak
kyk.a,kayaknya
kykny,sepertinya 
kyknya,kayaknya
kyny,sepertinya 
kyy,kaya
kzl,kesal 
la,lah
laa,lah
laaaah,lah
ladenin,meladeni
laen,lain
laenny,lainnya
lafazd,lafaz
laff,cinta
lagian,lagi 
lagihh,lagi
lagii,lagi
lagiii,lagi
lagiiii,lagi
laginy,laginya
lagu'y,lagunya
lagu2,lagu-lagu
lagu2nya,lagu-lagunya
lahh,lah
lahhh,lah
lahhhhhh,lah
lahirr,lahir
lainnn,lain
lainnyaa,lainnya
lairannya,kelahirannya
"laki""",laki-laki
laki2,laki-laki
lakik,laki
"laku""",laku-laku
lakuin,melakukan
lam,salam
lama2,lama-lama
lancr,lancar
langgengggg,langgeng
langgenh,langgeng
lanjutin,lanjutkan
lanjutkaaaaan,lanjutkan
lapakk,lapak
laper,lapar 
latian,latihan
lau,kau
lawaaaas,lawas
lb,lembar 
lbh,lebih
lbih,lebih
lbihh,lebih
lcu,lucu
le,boleh
lebar2,lebar-lebar
lebayy,lebay
lebh,lebih
ledekin,ledeki
ledkin,meledeki
leh,boleh
lekong,laki
lelaahh,lelah 
lemes,lemas 
lengkapp,lengkap
lengkeeett,lengket
lenje,lenjeh
lepasin,melepas
lg,lagi
lggeng,langgeng
lggi,lagi
lgi,lagi
lgkah2,langkah-langkah
lgkp,lengkap 
lgs,langsung
lgsg,langsung
lgsng,langsung 
lgsung,langsung
lgu,lagu
lgunya,lagunya
lh,lah
lha,lah
lhat,lihat
lhir,lahir
lhirr,lahir
lhoo,loh
lhooo,loh
lht,lihat
liaat,lihat
liaatt,lihat
liad,lihat
liat,lihat
liat'y,lihatnya
liat2,lihat-lihat
liatiii,lihat
liatin,memperlihatkan
liatlah,lihatlah
liatnya,lihatnya
liatnyaaa,lihatnya
liatt,lihat
liattt,lihat
lihaat,lihat
lihaatttt,lihat
liht,lihat
lipetan,lipatan
liptsk,lipstik
liyat,lihat
liyatnya,lihatnya
lkuin,lakukan
llki,lelaki
lluu,lu
lluuccuu,lucu
lm,lama 
lma,lama
lmyn,lumayan 
lngkp,lengkap 
lngsg,langsung 
lngsing,langsing
lngsng,langsung 
lngsung,langsung
lnjt,lanjut 
lnsg,langsung 
lnsng,langsung 
lo,kamu 
loe,lo
lohh,loh
lohhh,loh
lohhhh,loh
loksyut,lokasi syuting
lom,belum
loncatt,loncat
loncattt,loncat
loo,loh
looh,loh
loohhh,loh
looo,loh
loooh,loh
looohh,loh
lov,cinta
love,cinta
low,kalo
lp,lupa
lpngn,lapangan 
lpr,lapar 
lsg,langsung
lt,lantai
lu,kamu 
luaarrr,luar
luccu,lucu
luchu,lucu
luco,lucu
lucu2,lucu-lucu
lucuk,lucu
lucukkkkk,lucu
lucunaaa,lucunya
lucunyah,lucunya
lucuu,lucu
lucuukk,lucu
lucuuu,lucu
lucuuuk,lucu
lucuuuu,lucu
lucuuuuu,lucu
lucuuuuuuuu,lucu
lucuuuuuuuuuu,lucu
lucux,lucunya
luh,lu
luhhh,lu
lum,belum
lumyan,lumayan
lun,belum
lupain,melupakan
lurusin,meluruskan
luthu,lucu
luthuna,lucunya
lutu,lucu
lutuna,lucunya
lutunaa,lucunya
lutunaaa,lucunya
luu,lu
luucuuu,lucu
luuuaar,luar
luuuucuuu,lucu
luv,cinta
lvl,level 
lw,lu
lwt,lewat
lyt,lihat
m,sama
ma,sama
maaasss,mas
maaci,terima kasih
maacih,terima kasih
maafin,memaafi
maak,mak
maap,maaf
maapin,maaf
maau,mau
maauuu,mau
macam2,macam-macam
macem,macam
macem2,macam-macam
maen,main
maenya,mainnya
mager,malas bergerak
mahall,mahal
mahh,mah
mahhhh,mah
maho,manusia homo
mai,mau
main2,main-main
majuuu,maju
makaci,terima kasih
makana,karena itu
makany,makanya
makanyaa,makanya
makasi,terima kasih
makasih,terima kasih
makasihhh,terima kasih
make,memakai
"maki""",maki-maki
makkk,mak
makn,makan 
makny,maknya
maksain,memaksakan
maksd,maksud
maksih,terima kasih
maksir,menaksir
maksutku,maksudku
malangg,malang
malem,malam
malem2,malam-malam 
males,malas
malh,malah
malingg,maling
malming,malam minggu
malsudnya,maksudnya
malu2in,malu-malui
maluu,malu
maluuu,malu
maluuuu,malu
mama.nyy,mamanya
mamah,mama 
mamam,makan 
mamas,mas
mamax,mamanya
mamer,memamerkan
mampet,mampat 
mampuussss,mampus
mampuuu,mampu
mancing2,memancing-mancing
mancungin,memancungkan
mandiin,memandikan
mane,mana 
maneh,mana 
mang,memang
manggil,panggil 
manies,manis
manisnyaaaa,manisnya
manisss,manis
manjain,memanjakan
mano,mana 
mansetan,bermanset
mansyoallah,masyaallah
manta,mantan
mantaaap,mantap
mantaap,mantap
mantabb,mantab
mantabs,mantab
mantaff,mantap
mantanny,mantannya
mantapp,mantap
mantappp,mantap
mantapppppp,mantap
manteb,mantap
manteep,mantap
mantep,mantap
mantepp,mantap
manteppp,mantap
mantes,memantas
manusiy,manusia
mao,mau
marah2,marah-marah
marah2an,marah-marahan
marh,marah
martabakk,martabak
masa2,masa-masa
masaaaa,masa
masakin,masakan 
masalahh,masalah
masi,masih
"masing""",masing-masing
masing2,masih
masio,masih
maslah,masalah
maso,masa
massss,mas
masukin,memasukkan
masyaallahhh,masyaallah
masyarakay,masyarakat
mata'y,matanya
matany,matanya
mataq,mataku
mateeeeeeeeeeee,mati
mateeeek,mati
mateng,matang 
"mati""an",mati-matian
matii,mati
mato,mata
mattihhh,mati
mauu,mau
mauuu,mau
mauuuu,mau
mauuuuu,mau
mauuuuuu,mau
mauuuuuuu,mau
maw,mau
may,mau
mayan,lumayan
mayann,lumayan
mb,mbak
mba,mbak
"mba""",mbak-mbak
mbaa,mbak
mbaaa,mbak
mbaaahhh,mbah
mbaaass,mbak
mbaak,mbak
mbaakk,mbak
mbahh,mbah
"mbak""",mbak-mbak
mbak2,mbak-mbak
mbaknyaahh,mbaknya
mbakx,mbaknya
mbanya,mbaknya
mbg,mbak
mbil,sambil
mbk,mbak
mblo,jomblo
mblooo,jomblo
mboizzz,bois
mbuh,embuh
mcm,macam
mct,macet 
mdg,lebih baik
mdgn,baikan 
mdh,mudah 
"mdh""",mudah-mudah
mdh2an,mudah-mudahan
mdh2n,mudah-mudahan
mdpt,mendapat 
megang,memegang
mehoonggggg,mahal
meker,mikir
melahirin,melahirkan
melakukn,melakukan
melebihin,melebihi
melihara,memelihara
meluk,memeluk
melulu,selalu 
"membanding""",membanding-banding
menasehati,menasihati
menbelah,membelah
mendam,memendam
mendapatkn,mendapatkan
mendingan,lebih baik
mendj,menjadi
menegerti,mengerti
mengait2kan,mengait-ngaitkan
mengalahkn,mengalahkan
mengherthii,mengerti
menghilangkn,menghilangkan
mengikutii,mengikuti
mengirusi,mengurusi
mengncang,mengencang
mengperbolehkan,memperbolehkan
menjdi,menjadi
menjelekan,menjelekkan
"mentah""",mentah-mentah
"mentang""",mentang-mentang
menurur,menurut
menyebut2,menyebut-nyebut
menyempurnakan, 
menyenangkn,menyenangkan
meranin,memerankan
mereka2,mereka-mereka
merekaa,mereka
merekaaaa,mereka
merekak,mereka
merhatiin,memperhatikan 
meriahh,meriah
merindinggg,merinding
merka,mereka
merrid,merit
mesen,pesan 
mesrany,mesranya
met,selamat
mf,maaf
mff,maaf
mg,moga
mgk,mungkin
mgkin,mungkin
mgkn,mungkin
mh,mah
mhs,mahasiswa 
mhsw,mahasiswa 
miapa,demi apa
miapah,demi apa
miara,memiara
mikir2,memikir-mikir
mikirin,memikirkan
mikirinnn,memikirkan
milih,memilih
milikin,memiliki
mimin,admin
mimpiii,mimpi
minjem,pinjam 
minpi,mimpi
minta,meminta
mintk,minta
"minyak""an",minyak-minyakan
miriiiiip,mirip
miriiiip,mirip
miriiippp,mirip
miriip,mirip
miring2,miring-miring
miriplahhhhhh,miriplah
miripp,mirip
mirippp,mirip
miripppp,mirip
mirp,mirip
misal'a,misalnya
mitnah,memfitnah
mk,maka
mk.a,makanya
mka,maka 
mkan,makan 
mkanan,makanan 
mkanya,makanya
mkin,makin
mkir,memikir
mkn,makin
mknan,makanan 
mkny,maka itu
mknya,makanya
mksd,maksud
mksdku,maksudku
mksdny,maksudnya
mksdnya,maksudnya
mksdq,maksudku 
mksdx,maksudnya
mksh,terima kasih
mksih,terima kasih
mkst,maksud
mksud,maksud
mlah,malah
mlepaskan,melepaskan
mlh,malah
mlikk,milik
mlm,malam
mls,malas 
mlt.a,mulutnya
mlu,malu
mlz,malas
mmang,memang
mmbanggakan,membanggakan
mmbela,membela
mmberi,memberi
mmberikan,memberikan
mmberikn,memberikan
mmbodohkan,membodohkan
mmg,memang
mmperbaiki,memperbaiki
mmz,mas
mn,mana
mna,mana
mnambh,menambah
mncoba,mencoba
mndaptkan,mendapatkan
mndg,lebih baik
mndgn,lebih baik
mndgr,mendengar 
mndi,mandi 
mnding,mending
mndpat,mendapat
mndpt,mendapat
mndptkn,mendapatkan 
mnerima,menerima
mng,menang 
mngasi,mengasih
mngerti,mengerti
mnghina,menghina
mngikuti,mengikuti
mngira,mengira
mngkannya,mangkanya
mngkin,mungkin
mnilai,menilai
mnis2nya,manis-manisnya
mnisss,manis
mnjadi,menjadi
mnjawab,menjawab
mnjdi,menjadi
mnjdkan,menjadikan
mnjijikaaaaaan,menjijikkan
mnjmput,menjemput
mnjual,menjual
mnrt,menurut 
mnrtkuu,menurutku
mnsempurnakan, 
mnt,minta
mnta,minta
mntn,mantan
mntp,mantap 
mnum,minum 
mnusuk,menusuk
mnutup,menutup
mnyakitiku,menyakitiku 
mnyngkn,menyenangkan 
mo,mau
model2,model-model
modes,modis
moga,semoga 
mohom,mohon
mon,mohon
moqa,moga
mosok,masa 
motret,memotret
mrah,marah
mrangkul,merangkul
mreka,mereka
mrekaa,mereka
mrekaaaa,mereka
mrh,marah 
mrip,mirip
mrit,merit
mrk,mereka
mrka,mereka
mrnghadapi,menghadapi
mrusak,merusak
ms,masih
"ms""",masa-masa
msa,masa
msalah,masalah
msg,masing 
msg2,masing-masing
msh,masih
msih,masih
msk,masuk
mskasih,terima kasih
mski,meski 
mskipun,meskipun 
mskn,masakan 
msknya,masaknya
msl,misal 
mslh,masalah
mslhnya,masalahnya
mst,mesti
msti,harus 
msuk,masuk
mtanya,matanya
mti,mati
mu'uv,maaf
mualll,mual
muantaap,mantap
muantteepp,mantap
mudaa,muda
"mudah""an",mudah-mudahan
"mudah""n",mudah-mudahan
mudah2,mudah-mudah
mudah2an,mudah-mudahan
mudah2n,mudah-mudahan
"mudh""an",mudah-mudahan
muga,moga
"muka""",muka-muka
muka2,muka-muka
mukae,mukanya
mukanyaa,mukanya
mukax,mukanya
muke,muka
muliany,mulianya
mulu,terus 
mulusssss,mulus
mulut2,mulut-mulut
mulutny,mulutnya
mulutnyaaa,mulutnya
muluuu,melulu
muna,munafik
munaafikk,munafik
munafikk,munafik
mungki,mungkin
mungkiin,mungkin
mupeng,muka pengin
muraaaaah,murah
murahhh,murah
murhan,murahan
murmer,murah meriah
musti,harus 
mutihin,memutihkan
mutuain,memutuskan
mutusin,memutuskan
muup,maaf
muuuu,mu
mw,mau
mz,mas
na,nya
naaaa,nya
naaaaahh,nah
naaaak,nak
naaahhh,nah
nabung,tabung 
naek,naik
nafass,nafas
nafkahin,menafkahi
naggung,menanggung
nagiss,menangis
nahan,menahan
nahannnn,tahan
nahh,nah
nahhh,nah
najiss,najis
nak,anak
naka,nakal
naksir,menaksir
nakutin,menakutkan
"nama""",nama-nama
nama'in,namai
nama.a,namanya
namain,menamai
namany,namanya
namax,namanya
nambah,bertambah
nambahh,bertambah
namnya,namanya
nampak,menampak
nampar,menampar
nanget,banget
nanggepin,menanggapi
nangiiiiis,menangis
nangiiis,menangis
nangiis,menangis
nangis,menangis
"nangis""",menangis-nangis
nangiss,menangis
nangisss,menangis
nantangin,menantang
nantii,nanti
nantiii,nanti
nantik,nanti
nanya,tanya
napa,kenapa
napas,nafas 
nape,kenapa 
napsuu,napsu
naq,anak
nari,menari
narik,menarik
nasehatin,menasihati
nasgor,nasi goreng
natap,menatap
naturalllll,natural
nawarin,menawari
nax,anak
ncek,encek
nd,indak
nda,indak
ndak,indak
ndax,tidak
ndk,tidak 
ndukung,mendukung
ndut,gendut
ne,ini
nee,ini
negri,negeri
neh,nih
neko2,neko-neko
nelen,telan 
nembak,menembak
nemenin,menemani 
nempel,menempel
nemu,temu 
nemuin,menemukan
"nenek""",nenek-nenek
nenek2,nenek-nenek
nengok,menengok
nentuin,menentukan
nerawang,menerawang
nerima,menerima
nerusin,meneruskan
netaas,menetas
netes,menetes
next,lanjut
nextt,lanjut
nga,tidak
ngabungin,menggabungkan
ngaca,mengaca
ngacaaa,mengaca
ngaco,mengaco
ngadain,mengadakan
ngademin,mengademkan
ngadu,mengadu
ngajak,mengajak
ngajar,mengajar
ngajarin,mengajari
ngaji,mengaji
ngajuin,mengajukan
ngak,tidak
ngakaaaakkk,mengakak
ngakak,mengakak
ngakakkk,mengakak
ngaku,mengaku
"ngaku""",mengaku-ngaku
ngalah,mengalah
ngalahin,mengalahkan
ngalir,mengalir
ngalirrrrr,mengalir
ngamatin,mengamati
ngambek,mengambek
ngambekan,ambekan
ngambeknya,mengambeknya
ngambil,ambil 
nganbek,mengambek
nganggepin,menanggapi
ngantar,mengantar
nganteng,ganteng
nganter,antar 
nganterin,mengantarkan
ngantri,mengantri
ngapain,mengapai
ngapasih,mengapa sih
ngapus,menghapus
ngarang,mengarang
ngarep,mengharap
ngarepinnya,mengharapkannya 
ngareppppp,mengharap
ngarsipin,mengarsipkan
ngasi,mengasih
ngasih,mengasih
ngasih2,mengasih-ngasih
ngata2in,mengata-ngatai
ngatai,mengatai
ngatain,mengatai
ngatur,mengatur
ngayal,mengkhayal
ngcpin,mengucapkan
ngebala,bala
ngebales,membalas
ngebantu,membantu
ngebedain,membedakan
ngebela,membela
ngebelain,membela
ngebenci,membenci
ngebiarin,membiarkan
ngebolehin,membolehkan
ngebuktiin,membuktikan
ngecek,mengecek
nged,banget
ngeditnya,mengeditnya
ngedukung,mendukung
ngefans,fan
ngefek,efek
ngegampar,menggampar
ngegantiin,menggantikan
ngegemesin,menggemaskan
ngegmesin,menggemaskan
ngegosip,gosip 
ngeh,engah
ngehadepin,menghadapi 
ngehakimi,menghakimi
ngehancurin,menghancurkan
ngehina,menghina
ngehujat,menghujat
ngeidealin,mengidealkan
ngejatuhin,manjatuhkan
ngejelek,menjelekkan
ngejelek2in,menjelek-jelekkan
ngejilat,menjilat
ngejuangin,memperjuangkan
ngekeh,kekeh
ngekek,mengekek
ngelahirin,melahirkan
ngelakuin,melakukan
ngelaporin,melaporkan
ngelarang,melarang
ngelawak,melawak
ngelawan,melawan
ngelewati,melewati
ngeliat,melihat
ngeliatin,melihati
ngeliatnya,melihatnya
ngelihat,melihat
ngelihatnya,melihatnya
ngeluarin,mengeluarkan
ngelucu,melucu
ngeluh,keluh 
ngembali,kembali
ngemeng,mengomong
ngepake',memakai
ngepoin,mengepoi
ngerampas,merampas
ngerasa,merasa
ngerasain,merasai
ngerayain,merayakan
ngerebut,merebut
"ngerebut""",merebut-rebut
ngerendahin,merendahkan
ngerespon,merespons
ngeri2,ngeri-ngeri
ngerii,ngeri
ngeriiiiii,ngeri
ngerjain,mengerjakan 
ngerokok,merokok 
ngerrrriiii,ngeri
ngerti,mengerti
ngertii,mengerti
ngertiin,mengerti
ngerussak,merusak
ngeselin,mengesalkan
nget,banget
ngetik,mengetik
ngets,banget
ngetsz,banget
ngettt,banget
ngeuh,engah
ngfans,fan
ngg,tidak
ngga,tidak
nggak,tidak
nggali,menggali
nggax,tidak
nggeh,engah
nggesek,menggesek
ngggk,tidak
nggk,tidak
nggosok,menggosok
ngibul,berbohong
ngidam,mengidam
ngikutin,mengikuti
ngilang,menghilang
ngilangin,menghilangkan
ngilerrrr,mengiler
ngimpi,mimpi
nginep,menginap 
ngingetin,mengingatkan
nginjek,menginjak
ngintilin,mengintil
ngintip,mengintip
ngiri,mengiri
ngiriii,mengiri
ngirim,mengirim
ngiringan,mengiringi
ngiritya,mengiritnya
ngitem,menghitam
ngjk,mengajak 
ngk,tidak
ngkkkkkk,mengakak
ngmbl,mengambil 
ngmg,mengomong
ngmgin,mengomongkan
ngmng,mengomong
ngmngin,mengomongkan
ngmngnya,mengomongnya
ngmpl,berkumpul 
ngmps,ke kampus
ngntk,mengantuk 
ngntr,ke kantor
ngobatin,obati 
ngobrol,mengobrol
ngoceh,mengoceh
ngocok,mengocok
ngolokin,mengolok
ngom,mengomong
ngomen,mengomentari
ngomenin,mengomentari
ngomentarin,mengomentari
ngomentnya,mengomentarinya
ngomng,mengomong
ngomomg,mengomong
ngomong,mengomong
"ngomong""",ngomong-ngomong
ngomongin,mengomongkan
ngomongnya,mengomongnya
ngorbanin,mengorbankan
ngp,mengapa
ngrasain,merasai
ngrebut,merebut
ngri,negeri
ngriii,mengiri
ngrti,mengerti
ngrusak,merusak
ngrusin,mengurusi
ngtain,mengatai
ngtif,negatif
nguburin,menguburkan
ngucapin,mengucapkan
ngulangin,mengulangi
ngumbar,mengumbar
ngumbar2,mengumbar-umbar
ngumpat2,mengumpat-ngumpat
"ngumpet""",mengumpet-ngumpet
ngumung,mengomong
ngundurin,mengundurkan 
ngungkit2,mengungkit-ungkit
ngunyah,kunyah 
ngurus,mengurus
ngurusan,mengurusi
ngurusin,mengurusi
nh,nih
nha,nya
ni,ini
nich,nih
nie,ini
nih2,nih-nih
nihh,nih
nihhh,nih
nii,ini
niih,nih
niihh,nih
niiih,nih
niiihh,nih
niiiihh,nih
nikaah,nikah
nikahin,menikahi
nikmatin,menikmati
nilai2,nilai-nilai
nimpuk,menimpuk
ninggalin,meninggalkan
ninggiin,meninggikan
niru,meniru
niyyyyhhhh,nih
njay,anjay
njayyy,anjay
njerr,anjir
njiirr,anjir
njir,anjir
njirr,anjir
njirrr,anjir
njrittt,anjir
nm,nama
nmbah,bertambah
nmbh,tambah 
nmbk,menembak
nmny,namanya 
nmnya,namanya
nmpk,nampak
nmr,nomor
nnt,nanti
nnti,nanti
nntn,nonton
nnton,nonton
nobar,nonton bareng
nolak,tolak 
nolongin,menolong
nonton,nonton
nontonnnn,nonton
nontonny,nontonnya
nontonx,nontonnya
nontonya,nontonnya
nontoonnn,nonton
novembr,november
nraktir,mentraktir
nrka,neraka
nt,nanti
ntab,mantab
ntaf,mantap
ntah,entah
ntap,mantap
ntappp,mantap
ntapsss,mantap
ntar,entar
nti,nanti
ntik,cantik
ntikk,cantik
ntn,nonton
nton,nonton
ntr,entar
ntu,itu 
nuduh,menuduh
nulis,menulis
nunduk,menunduk
nunggu,menunggu
nungguin,menunggu
nuntut,menuntut
nusuk,menusuk
"nutup""in",menutup-nutupi
nutupin,menutupi
ny,nya
nyaa,nya
nyaaa,nya
nyaaaa,nya
nyaaaaaaa,nya
nyaaaaaaaaa,nya
nyaaaaaaaaaaaaa,nya
nyadar,menyadari
nyah,nya
nyakiti,menyakiti 
nyakitin,menyakiti
nyalahin,menyalahkan
nyalain,nyalakan 
nyamain,menyamakan
nyambet,menyambat
nyambung,menyambung
nyambungin,menyambung
nyampah,menyampah
nyampe,sampai
nyampein,menyampaikan
nyampenya,sampainya
nyangka,menyangka
nyangkaa,menyangka
nyangkutnya,menyangkutnya
nyantai,santai 
nyanyiin,menyanyikan
nyaranin,menyarankan
nyari,mencari
nyaru,menyaru
nyatakan,menyatakan
nyatok,mencatok
nyebelin,menyebalkan
nyebur,mencebur
nyebut2,menyebut-nyebut
nyebutin,menyebutkan
nyela,mencela
nyelesain,menyelesaikan
nyempetin,menyempatkan
nyender,menyandar
nyenengin,menyenangkan
nyengir,menyengir
nyeniii,menyeni
nyeplak,menjiplak
nyerang,menyerang
nyeremin,menyeramkan 
nyerocooooos,mencerocos
nyerocos,mencerocos
nyesek,menyesak
nyesel,menyesal
nyesell,menyesal
nyet,monyet
nyetel,setel 
nyia2in,menyia-nyiakan
nyiksa,menyiksa 
nyimak,menyimak
nyimpen,menyimpan
nyindir,menyindir
nyindirin,menyindir
nyinyirin,nyinyir
nyir2,nyinyir
nyo,nya
nyoba,mencoba
nyobain,mencoba
nyok,yuk
nyolong,mencolong
nyolot,menyolot
nyolotinnnn,menyolot
nyta,nyata
nyubit,mencubit
nyubitt,mencubit
nyuci,cuci 
nyukur,cukur 
nyungsep,jatuh
nyupir,menyopir
nyuruh,suruh 
nyusahhin,menyusahkan
nyusahin,menyusahkan
nyusul,menyusul
oalaaaa,walah
oc,oke
oce,oke
ohh,oh
ohhhh,oh
ok,oke
oke,baik
okedech,oke
okedeh,oke
okeh,baik 
okky,baik
okz,oke
ol,online 
oles2,oles-oles
oma2,oma-oma
omaaaaaaakk,oma
omdo,omong doang
omongin,mengomongkan
ongkiir,ongkir
ongkir,ongkos kirim
ongkirr,ongkir
ono,sono
onoh,sono
ooh,oh
oom,om
oooh,oh
oplas,operasi plastik
oprasi,operasi
oprasiya,operasinya
or,orang
orabg,orang
"orang""",orang-orang
"orang""nya",orang-orangnya
orang2,orang-orang
orangg,orang
org,orang
org2,orang-orang
orgny,orangnya
orgtuanya,orang tuanya
ori,orisinal
orlaen,orang lain
orng,orang
orrunya,orang tuanya
ortu,orang tua
ortuny,orang tuanya
ortunya,orang tuanya
otot2,otot-otot
ouch,oh
ouh,oh
our,kita
ourr,kita
owalaah,walah
owh,oh
pa,apa
pa2,apa-apa
paaak,pak
paati,pasti
pacara,pacaran
pacarane,pacarannya
pacaranya,pacarannya
pacarn,pacaran
pacarnyaa,pacarnya
pacarr,pacar
pacarrr,pacar
padaa,pada
padahall,padahal
padahl,padahal
padet,padat
padetan,padatan
padhe,pakde
padhl,padahal
pahalax,pahalanya
pahamin,pahami
pait,pahit
pake,pakai
pakek,pakai
pakke,pakai
paksain,memaksa
pala,kepala
palgi,apalagi
palinf,paling
palingann,palingan
pan,kapan
pandanginya,memandanginya
panggilan'y,panggilannya
panggilan'ya,panggilannya
panglingg,pangling
pankapan,kapan-kapan
pans,fan
pantes,pantas
pantesan,pantas 
pantess,pantas
papahhhnya,papahnya
papiii,papi
para2,parah-parah
paraa,para
paraaah,parah
paraah,parah
parahh,parah
paripurnahh,paripurna
parsis,persis
pas2an,pas-pasan
pasangn,pasangan
"pasien""nya",pasien-pasiennya
pass,pas
passs,pas
past,pasti
pastii,pasti
pasutri,pasangan suami istri
payahh,payah
paz,pas
pcar,pacar
pcaran,pacaran
pcaranya,pacarannya
pcarny,pacarnya
pcr,pacar 
pcran,pacaran
pcrn,pacaran
pcrny,pacarnya 
pcrnya,pacarnya
pd,pada
pda,pada
pdahal,padahal
pdhal,padahal
pdhall,padahal
pdhl,padahal
pdng,padang
pecahhg,pecah
pede,percaya diri
pedes,pedas
pedesssss,pedas
peduliin,mempedulikan
pedulilaaaah,pedulilah
peen,pengin
peengn,pengin
pegang2,pegang-pegang
pegangin,memegang
pegi,pergi 
pelastik,plastik
peleotin,meleot
peliharaaaa,pelihara
pelwak,pelawak
pemainy,pemainnya
pen,pengin
penasaraaann,penasaran
penasarannnn,penasaran
penasarn,penasaran
penbelian,pembelian
pengalam,pengalaman
pengan,pengin
penganten,pengantin
pengeeenn,pengin
pengen,pengin
pengenn,pengin
pengennn,pengin
pengennnn,pengin
penghianat,pengkhianat 
penghrgaan,penghargaan
pengikuy,pengikut
pengin,ingin 
pengn,pengin
pengrusak,perusak
pensaran,penasaran
pentass,pentas
pentingg,penting
penyakitny,penyakitnya
penyanyi2,penyanyi-penyanyi
penyebab2,penyebab-penyebab
peragain,peragakan
perasaanny,perasaannya
perbaikin,memperbaiki
perbulannn,perbulan
percya,percaya
perhatiam,perhatian
perhatiin,perhatikan
perilakuny,perilakunya
perjabatt,pejabat
permasalhkan,permasalahkan
perna,pernah
pernikahn,pernikahan
personill,personil
pertamany,pertamanya
pertma,pertama
perubut,perebut
pesen,pesan
petinggi2,petinggi-petinggi
pg,pagi
pgen,pengin
pgi,pagi
pgin,pengin
pgn,pengin
pgnnya,penginnya
pi,tapi
piiiilih,pilih
piiink,pink
"pikir""",pikir-pikir
pilem,film 
pilihannny,pilihannya
pilihnmu,pilihanmu
pilm,film
pingin,pengin
pinginnn,pengin
pinjem,pinjam 
pinkkkk,pink
pinter,pintar
pintr,pintar
pipi'y,pipinya
pipine,pipinya
pipinyaaa,pipinya
pjang,pajang
pjg,panjang
pk,pakai
pkai,pakai
pke,pakai
pkee,pakai
pkek,pakai
pkk,pakai
pkoknya,pokoknya
pkoknyaa,pokoknya
pkrin,pikirkan
pla,pula
plampiasannn,pelampiasan
please,tolong
plg,pulang
pling,paling
plis,tolong 
pliss,tolong
pljaran,pelajaran
pljrn,pelajaran
plng,pulang 
plsa,pulsa
pluk,peluk
pmbantu,pembantu
pmbelajaran,pembelajaran
pmbyran,pembayaran
pmpuan,perempuan 
pndah,pindah
pndang,pandang
pndapat,pendapat
pndh,pindah 
pngen,pengin
pngenn,pengin
pngn,pengin
pnjang,panjang
pnjerumus,penjerumus
pnjng,panjang
pnjual,penjual
pnting,penting
pntng,penting 
pnuh,penuh
pny,punya
pnya,punya
pnyaa,punya
poko,pokok
pokok'a,pokoknya
pokonya,pokoknya
polll,pol
pollll,pol
ponakn,ponakan
poollll,pol
poool,pol
poooolllll,pol
positippp,positif
power,kuat
ppa,papa
praktek,praktik 
praktekin,mempraktikkan
prasaan,perasaan
prawatan,perawatan
prcuma,percuma
prcy,percaya
prcya,percaya
prempuan,perempuan
presidenm,presiden
presidenn,presiden
president,presiden
prgi,pergi 
prh,parah
prhatian,perhatian
prinadi,pribadi
prjuangan,perjuangan
prlu,perlu
prmhn,perumahan 
prmptn,perempatan 
prmpuan,perempuan
prnah,pernah
prnh,pernah
prodac,produk
prodak,produk
prodaknya,produknya
promil,program hamil
promoo,promo
protestin,protestan
prsatukn,persatukan
prtamax,pertamanya
prthnkn,pertahankan 
prwatn,perawatan
prwtn,perawatan
ps,pas
psangan,pasangan
psg,pasang 
psgn,pasangan
psng,pasang 
psr,pasar 
pst,pasti
psti,pasti
ptg,penting 
pu,punya
pucing,pusing
pukulin,pukuli
pulaa,pula
pulak,pula
punn,pun
punyaaa,punya
punye,punya 
pura2,pura-pura
pusingggg,pusing
puter,putar 
puterin,putar 
putihh,putih
putihnyaa,putihnya
px,punya
py,punya
pyudara,payudara
pzt,pasti
q,ku
qaqa,kakak
qaqaaaa,kakak
qm,kamu
qmu,kamu
qo,kok
qq,kakak
qt,kita
qta,kita
qu,ku
rada,agak 
rajin2,rajin-rajin
rame,ramai 
rame2,rame-rame
rana,ranah
rapih,rapi
rasaiin,rasai
rasain,rasai
rasakn,rasakan
rasane,rasanya 
rata2,rata-rata
rb,ribu
recomendasinya,rekomendasinya
recommendasi,rekomendasi
redho,ridho
rekomendain,rekomendasikan
rekomendasiiin,merekomendasikan
rekomendasiin,merekomendasikan
rekomndd,rekomendasi
relaaaa,rela
remang2,remang-remang
rempong,repot
repong,repot
repot2,repot-repot
rezeqinya,rezekinya
rezki,rezeki
ributin,meributkan
rinduuuuuuu,rindu
rinduuuuuuuuu,rindu
rinduuuuuuuuuu,rindu
rmbt,rambut
rmbut,rambut
rmbutnya,rambutnya
rmbuut,rambut
rmh,rumah
rmhq,rumahku 
romantisny,romatisnya
romantiss,romantis
romantiz,romantis
romntis,romantis
rpt2,repot-repot
rsk,rusak 
rumh,rumah
rumpiin,rumpi
rupa2nya,rupa-rupanya
rusakkk,rusak
s,si
s'lalu,selalu
s*inetr*n,sinetron
s3ndiri,sendiri
saat2,saat-saat
saayyyyy,say
sabaarrr,sabar
sabal,sabar
sabaro,sabar
sabarrr,sabar
sabarrrrr,sabar
sabeb,bebas
sabi,bisa
sadis2,sadis-sadis
sahabatt,sahabat
saje,saja 
salaam,salam
salahin,salahkan
salammmm,salam
salehah,salihah
salfok,salah fokus
salluutt,salut
saltum,salah kostum
saltummmm,salah kostum
sam,sama
"sama""",sama-sama
sama2,sama-sama
samaa,sama
samaaaa,sama
samara,sakinah mawadah rahman
sambel,sambal 
samo,sama 
samoga,semoga
sampai2,sampai-sampai
sampe,sampai
sampein,sampaikan
sampek,sampai
sampis,sampah habis
sampw,sampai
sangaaattt,sangat
sangat2,sangat-sangat
sangattt,sangat
sanggat,sangat
sangt,sangat
sans,santai 
santab,santap
sapa2,sapa-sapa
sape,siapa 
saranin,menyarankan
sasama,sesama
sateny,satenya 
satupunn,satupun
satuu,satu
satuuuuu,satu
saudra,saudara
say,sayang
saya2,saya-saya
sayaa,saya
sayaang,sayang
sayangg'',sayang-sayang
sayanggg,sayang
sayangggq,sayangku
sayangkuh,sayangku
sayangkuuuuu,sayangku
sayangx,sayangnya
sayy,sayang
sayyy,say
sbagai,sebagai
sbaiknya,sebaiknya
sbb,sebab
sbbrnya,sebenarnya
sbbyak,sebanyak
sbelah,sebelah
sbelum,sebelum
sbenernya,sebenarnya
sbg,sebagai
sbgai,sebagai
sbhabat,sahabat
sbl,sebelah 
sblah,sebelah
sblh,sebelah
sblhny,sebelahnya 
sblm,sebelum
sblmny,sebelumnya
sblmnya,sebelumnya
sblum,sebelum
sbnarnya,sebenarnya
sbnr,sebenarnya 
sbnrny,sebenarnya
sbnrnya,sebenarnya 
sbnt,sebentar 
sbntr,sebentar 
sbnyak,sebanyak
sbr,sabar
sbtr,sebentar 
sbuah,sebuah
sby,surabaya
scpatny,secepatnya
scr,secara
scra,secara
sdah,sudah
sdg,sedang
sdgkn,sedangkan
sdh,sudah
sdkit,sedikit
sdkit2,sedikit-sedikit
sdkt,sedikit
sdng,sedang 
sdngkn,sedangkan 
sdri,sendiri
seandainy,seandainya
"sebaik""",sebaik-baik
sebel,kesal 
sebelum2nya,sebelum-sebelumnya
sebelumbya,sebelumnya
sebenernya,sebenarnya
sebnyak,sebanyak
"seburuk""",seburuk-buruk
seburuk2,seburuk-buruk
sedangkn,sedangkan
sedihh,sedih
sedihhh,sedih
sedikitlaahh,sedikitlah
see,sih
seeeemua,semua
seeh,sih
seehh,sih
"segala""ny",segala-galanya
segala2nya,segala-galanya
seger,segar
segerr,segar
segerrrr,segar
segitunya,sebegitunya
segtu,sebegitu
seh,sih
seharusny,seharusnya
sehat2,sehat-sehat
sehh,sih
seindonesiyah,seindonesia
sekaeang,sekarang
sekali2,sekali-kali
sekalii,sekali
sekaliiii,sekali
sekaliiiii,sekali
sekangen2,sekangen-kangen
sekarng,sekarang
seklian,sekalian
sekola,sekolah 
sekolahin,sekolahkan
sekrang,sekarang
sekrng,sekarang
seksii,seksi
selaloe,selalu
selaluu,selalu
selaw,santai
sellow,selow
selmat,selamat
selmnya,selamanya
selmt,selamat
selow,sebentar 
seluru,seluruh
semalem,semalam 
semangaatt,semangat
semangaatttt,semangat
semangatt,semangat
semangattt,semangat
sembuhin,menyembuhkan
"sembunyi""""",sembunyi-sembunyi
semngat,semangat
semogaa,semoga
sempet,sempat
sempurnaa,sempurna
sempurnaaaaa,sempurna
semuaaa,semua
semuannyaaa,semuanya
semuanyaa,semuanya
semuanyaaaa,semuanya
senang2,senang-senang
senangat,semangat
sendeng,senang
sendirii,sendiri
sendirinnya,sendirinya
sendirinyya,sendirinya
sendirir,sendiri
sendri,sendiri
seneeeeeng,senang
senen,senin 
seneng,senang
senengg,senang
senenggg,senang
senengin,senangi
senyumin,senyumi
senyumna,senyumnya
seorg,seorang
serasiii,serasi
serem,seram
"serem""",seram-seram
serem2,seram-seram
sering2,sering-sering
seru2,seru-seru
seru2an,seru-seruan
seruu,seru
seruuu,seru
sesatt,sesat
sesek,sesak
sesekk,sesak
setabil,stabil
setelur2nya,setelur-telurnya
seterah,terserah 
seterong,setrong
setju,setuju
setujuuu,setuju
setujuuuu,setuju
sewain,menyewa
sexi,seksi
sexi2,seksi-seksi
sexxi,seksi
sey,sih
sgala,segala 
sgampang,segampang
sgini,segini 
sgitu,segitu 
sgla,segala
sgt,sangat
sgtu,sebegitu
sgtu'y,sebegitunya
shaaaay,say
shaay,say
shabat,sahabat
shap,siap
shaps,siap
sharusnya,seharusnya
shat,sehat
shay,say
shayy,say
shayyy,say
shbat,sahabat
shbt,sahabat
shiet,tahi 
shit,tahi 
sholihah,salihah
si,sih
sia2kan,sia-siakan
siapa2,siapa-siapa
siapaa,siapa
siapayahh,siapa ya
siappa,siapa
sibukx,sibuknya
sich,sih
sichh,sih
sichhhhhhhhhh,sih
sie,sih
sihat,sehat
sihh,sih
sihhh,sih
sihhhh,sih
sii,sih
siih,sih
siihh,sih
siihhh,sih
siiih,sih
siiihh,sih
siiihhh,sih
siiiiiiippppppppp,sip
siip,sip
siipp,sip
siippp,sip
"sikap""",sikap-sikap
silahkan,silakan
silahkn,silakan
silauuu,silau
silsturahmi,silaturahmi
simpen,simpan
sinet,sinetron
sintron,sinetron
sipiit,sipit
sipp,sip
siriik,sirik
sirikk,sirik
sisain,menyisakan
sista2,sista-sista
sitayngin,ditayangkan
sj,saja
sja,saja
sjk,sejak
sk,suka
ska,suka
skali,sekali
skali2,sekali-kali
skalian,sekalian 
skaligus,sekaligus
skalii,sekali
skarang,sekarang
skedar,sekadar
skg,sekarang
skip,lanjut
skit,sakit
skitar,sekitar
sklh,sekolah
skli,sekali
sklinyaa,sekalinya
skluarga,sekeluarga
skola,sekolah 
skolah,sekolah
skr,sekarang
skrang,sekarang
skrg,sekarang
skrng,sekarang
skrngnya,sekarangnya
skrnh,sekarang
skt,sakit
sktika,seketika
sktlrang,sekarang
slah,salah
slahkan,salahkan
slalu,selalu
slaluuuuu,selalu
slam,salam
slama,selama
slamat,selamat
slamet,selamat
slamt,selamat
slang,formal
slesai,selesai 
slg,saling 
slh,salah
slhkan,salahkan
slhkn,salahkan 
sling,saling
sll,selalu
sllu,selalu
slm,salam
slmat,selamat
slmnya,salamnya
slmt,selamat
slmttt,selamat
sls,selesai 
slw,selow
sm,sama
sm2,sama-sama
sma,sama
sma2,sama-sama
smakin,semakin
smangat,semangat
smbg,sambung 
smbh,sembuh 
smbhyg,sembahyang 
smbil,sambil
smbl,sambil 
smbng,sambung 
smbrg,sembarang 
smbuh,sembuh 
smcm,semacam 
smentara,sementara
smg,semoga
smga,semoga
smgaa,semoga
smgt,semangat 
smkin,semakin
smlm,semalam 
smlmn,semalaman 
smnagatin,menyemangati
smngat,semangat
smngt,semangat 
smnjak,semenjak
smntr,sementara 
smog,semoga
smoga,semoga
smogaaa,semoga
smp,sampai
smpai,sampai
smpe,sampai
smpt,sempat
smrg,semarang
smster,semester
smua,semua
smuaaa,semua
smuanya,semuanya 
smulla,semula
smvk,sempak
smw,semua
sna,sana
sndiri,sendiri
sndr,sendiri
sndri,sendiri
sneng,senang
sngaja,sengaja
sngt,sangat
sni,sini 
snyum,senyum 
so,sok
soal'y,soalnya
soale,soalnya 
soalx,soalnya
sodara,saudara 
soga,moga
sok2,sok-sok
sok2an,sok-sokan
sokk,sok
sopo,siapa 
sorang,seorang 
sory,maaf 
sotoy,sok tau
sp,siapa
sperti,seperti
spertinya,sepertinya
spnjng,sepanjang 
sprt,seperti
sprti,seperti
sprtny,sepertinya 
spt,seperti
spti,seperti
sptny,sepertinya 
spy,supaya
srg,sering 
srng,sering
srpti,seperti
srruu,seru
srta,serta
sseorg,seseorang 
ssorg,seseorang
sstu,sesuatu
staf2nya,staf-stafnya
stagahhhh,astaga
statusx,statusnya
steess,stres
stelah,setelah
stgh,setengah 
stiap,setiap
stidaknya,setidaknya
stimpal,setimpal
stju,setuju
stlh,setelah
stngh,setengah 
stop,berhenti
stp,setiap
stress,stres
sttus,status
stu,satu
stuju,setuju
suami'y,suaminya
suamiii,suami
suamiiiii,suami
suaminga,suaminya
suaminy,suaminya
suaranyaa,suaranya
suaranyaaaaaa,suaranya
suaraynyaa,suaranya
suarranya,suaranya
subahanallah,subhanallah
subhanaallahh,subhanallah
subhanallahhh,subhanallah
subhanalloh,subhanallah
subhannallah,subhanallah
subhnallah,subhanallah
suces,sukses
sucses,sukses
sud,sudah
suda,sudah
sudab,sudah
sudh,sudah
suerrr,suer
suipit,sipit
suk,suka
suka.a,sukanya
suka2,suka-suka
sukaa,suka
sukaaa,suka
sukaaaa,suka
sukaaaaaa,suka
sukaaak,suka
sukak,suka
sukakkk,suka
sukam,suka
sukkaa,suka
suko,suka
sukse,sukses
suksea,sukses
suksess,sukses
sukur2,sukur-sukur
sumai,suami
sumpahh,sumpah
sumpeh,sumpah
sumvahh,sumpah
sunah2,sunah-sunah
sunggu,sungguh
sungguh2,sungguh-sungguh
supeer,super
surgaa,surga
suru,suruh
sweger,segar
swmntara,sementara
sy,saya
sya,saya
syang,sayang
syantiek,cantik
syantiiiiikkkkkkkkkkkk,cantik
syantik,cantik
syediih,sedih
syediiihhh,sedih
syekaliii,sekali
syg,sayang
sygku,sayangku 
sygkuu,sayangku
sygny,sayangnya 
syipp,sip
"syirik""",syirik-syirik
syng,sayang
syngnya,sayangnya
synk,sayang
syp,siapa
sypa,siapa
syratnya,syaratnya
syukaaakkk,suka
t4,tempat
taek,tahi
taekk,tahi
tah,teh
tahannn,tahan
"tahun""",tahun-tahun
tahun2,tahun-tahun
tai,tahi
taiiii,tahi
taik,tahi
takuttt,takut
takuuuuut,takut
tambahh,tambah
tambahim,tambahkan
tambahin,tambahkan
tambh,tambah
tampialannya,tampilannya
tamvan,tampan
tamvann,tampan
tanda2nya,tanda-tandanya
tanggung2,tanggung-tanggung
tangkep,tangkap
"tante""",tante-tante
tante2,tante-tante
tantee,tante
tanteny,tantenya
tanya2,tanya-tanya
tanyain,tanyakan
tanyang,tayang
taon,tahun
tap8,tapi
tapii,tapi
tapo,tapi
tappi,tapi
tar,entar
tau,tahu 
tau2,tau-tau
tauk,tahu
taun,tahun
taunya,tahunya 
tauu,tau
tauuu,tau
tauuuu,tau
tauuuuu,tau
taux,taunya
taw,tau
tay,tahi
tayik,tahi
taz,atas
tbuh,tubuh
td,tadi
tdak,tidak
tdi,tadi
tdk,tidak
tdny,tadinya 
tdnya,tadinya
tdr,tidur
tdung,tudung
tdur,tidur
tebel,tebal
tebir,ribet
"tebir""",ribet-ribet
tegaar,tegar
teguran2,teguran-teguran
tehh,teh
tehhh,teh
tehhhh,teh
telaatt,telat
telefisi,televisi
telimakacih,terima kasih
telor,telur 
telp,telepon
telpon,telepon 
"teman""ny",teman-temannya
teman2,teman-teman
tembemmm,tembem
tembokk,tembok
temen,teman
"temen""",teman-teman
temen-temen,teman-teman
temen2,teman-teman
temenan,berteman
temenin,temani 
temenkuuh,temanku
temenn,teman
temennya,temannya
tempat2,tempat-tempat
tempt,tempat
tengah2,tengah-tengah
tengaj,tengah
tenggah,tengah
tenny,tenang
tentanh,tentang
terangkhn,terangkan
terbaeeeek,terbaik
terbaeq,terbaik
terbaiiikkkkk,terbaik
terbaikkk,terbaik
terburu2,terburu-buru
tercyduk,terciduk
terhaaru,terharu
terharuuu,terharu
terharuuuu,terharu
teriakk,teriak 
terimaksih,terima kasih
teringt,teringat
terjrumus,terjerumus
terkenall,terkenal
termiribkan,termiripkan
termuraaahhhh,termurah
termurahhh,termurah
termurahhhh,termurah
ternodain,ternodai
ternyataa,ternyata
terong2an,terong-terongan
teros,terus 
terossss,terus
terrrrbaik,terbaik
teru,terus
"terus""an",terus-terusan
terus2an,terus-terusan
teruss,terus
terusss,terus
teruuss,terus
teruz,terus
teruzzz,terus
testi,testimoni
testinya,testimoninya
tetaplaah,tetaplah
tetapppp,tetap
tetehh,teteh
tetep,tetap
tetp,tetap
teyuss,terus
tgannya,tangannya 
tggu,tunggu 
tgh,tengah 
tgk,tengok
tgl,tanggal
tgn,tangan 
tgs,tugas 
th,tahun
th2,tahun-tahun
than,tahan
thd,terhadap 
thdp,terhadap
therchakitty,tersakiti
thks,terima kasih
thn,tahun
thnan,tahunan
thnx,terima kasih
thu,tuh
thun,tahun
thx,terima kasih
tiba2,tiba-tiba
tida,tidak 
tidak,tidak 
tidakkkk,tidak
tiga2nya,tiga-tiganya
tikung2,tikung-tikung
tingal,tinggal
tinggalin,tinggalkan
tinggalkn,tinggalkan
tinggall,tinggal
tinggl,tinggal
tipe2,tipe-tipe
tipi,tv 
tips2,tips-tips
tipu2nya,tipu-tipunya
tium,cium
tk,tak
tkut,takut
tlg,tolong
tlh,telah 
tlng,tolong 
tlog,tolong
tlong,tolong
tlp,telepon
tlpn,telepon 
tlsn,tulisan
tlvn,telepon
tman,teman
tmbah,tambah
tmbh,tambah
tmbm,tembam
tmen,teman
tmn,teman
tmn2,teman-teman
tmn2nya,teman-temannya
tmpat,tempat 
tmpt,tempat
tmsk,termasuk 
tnang,tenang
tnggl,tanggal
tnggu,tunggu
tngh,tengah
tnp,tanpa
tnpa,tanpa
tntg,tentang
tntram,tentram
tny,ternyata 
tnya,tanya
tnyt,ternyata 
to,tapi
tohh,toh
tokayyy,tahi
toketnya,teteknya
tolernsi,toleransi
toloollll,tolol
tongolin,menongol
top,bagus
tot,entot
tp,tapi
tpi,tapi
tpii,tapi
tpy,tapi
tq,terima kasih
trasa,terasa
trbaik,terbaik
trbaikk,terbaik
trbukti,terbukti
trdpt,terdapat 
trganggu,terganggu
trgntng,tergantung 
trhtung,terhitung
trima,terima
trims,terima kasih
trimz,terima kasih
trjadi,terjadi
trjd,terjadi
trkdng,terkadang 
trkhr,terakhir 
trknal,terkenal
trkrim,terkirim
trlalu,terlalu
trlihat,terlihat
trll,terlalu
trmanis,termanis
trmasuk,termasuk
trmksh,terima kasih
trmsk,termasuk 
trmsuk,termasuk
trnsfr,transfer 
trnyata,ternyata
trnyt,ternyata 
troma,trauma
trpsah,terpisah
trrharu,terharu
trs,terus
trsa,terasa
trserah,terserah
trserh,terserah
trsrh,terserah
trun,turun
trus,terus
trusan.a,terusannya
trusss,terus
trussss,terus
trutama,terutama
tsadeest,sadis
tsb,tersebut
tsbt,tersebut 
ttap,tetap
tteh,teteh
ttep,tetap
ttg,tentang
tth,teteh
ttinggi,tinggi
ttp,tetap
tu,itu
tua2,tua-tua
tuany,tuanya
tuch,tuh
tuhanny,tuhannya
tuhh,tuh
tuhhh,tuh
tuk,untuk
tukan,tukang
tukeran,tukar 
tullus,tulus
tumben,tidak biasa
tumpe2,tumpah-tumpah
tunggu2,tunggu-tunggu
tunjukan,tunjukkan
tunjukin,tunjukkan
turu,tidur
tutorialx,tutorialnya
tutupin,menutupi
tuu,tuh
tuuh,tuh
tuuu,itu
tuuuuh,tuh
tuwanya,tuanya
tuwek,tua
tw,tau
tx,tak
u,untuk
uaaasssiiiik,asik
ubat,obat 
ubur2,ubur-ubur
ucapin,mengucapkan
ucul,lucu
ucull,lucu
ucullllll,lucu
ud,sudah
uda,sudah
udah,sudah
udah2,sudah-sudah
udahh,sudah
udahlah,sudahlah
udd,sudah
udeh,sudah
udehh,sudah
udh,sudah
udhlah,sudah
uga,juga
ugaaa,juga
ugha,juga
ughaa,juga
uhh,uh
uhhh,uh
uih,uh
uitnya,duitnya
ujan2an,hujan-hujanan 
ujg,ujung
ujung2,ujung-ujung
ujunggg,ujung
ulan,ulang
ultahe,ultahnya
ultha,ultah
undangan2,undangan-undangan
ungkapin,ungkapkan
ungkit2,ungkit-ungkit
univ,universitas
untk,untuk
unyu2,unyu-unyu
unyuu,unyu
unyuuk,unyu
urat2nya,urat-uratnya
ursan,urusan
urusanny,urusannya
urusin,mengurusi
urusn,urusan
usa,usah
usahh,usah
ush,usah
ustzah,ustazah
utk,untuk
utkmu,untukmu
uuh,uh
uuhh,uh
uuhhh,uh
uuuuuaaaaaaaaaappppppppppiiiiiiiiiiiiiiiiiikkkkkkkkkkkkkkkk,apik
uwahhhhh,wah
uwakk,uwak
uwee,gue
uztad,ustad
von,telepon
w,gue
wa,saya
waaa,wah
waaaaw,wow
waaahhh,wah
waaaww,wow
waaawwww,wow
waah,wah
wad,buat
wadaaw,waduh
wado,waduh
waduh,aduh 
waduhh,waduh
waduhhh,waduh
waduuuuh,waduh
wahh,wah
wahhh,wah
wahhhhhh,wah
wajarrr,wajar
wajiiib,wajib
waktunyaaa,waktunya
walik,balik
wanitah,wanita
wanjerrr,anjir
wanjiir,anjir
wanjir,anjir 
waoohhh,wah
warbiyasah,luar biasa
warkop,warung kopi
warnaaa,warna
warnany,warnanya
wat,buat
waw,wow
waww,wow
wawwwww,wow
wdooohhh,waduh
weeeh,wih
week,wig
wenak,enak
wenakk,enak
wewww,wow
wht,apa 
widihh,waduh
wihh,wih
wihhh,wih
wihhhhhh,wih
wiih,wih
wiiiihhhh,wih
wiiiihhhhhhhhh,wih
wik,wig
wjh,wajah
wk,waktu
wkt,waktu
wktu,waktu
wktunya,waktunya
wlau,walau
wlaupun,walaupun
wlawpun,walaupun
wlo,walau
wlwpun,walaupun
woey,woy
woles,selow
wong2,wong-wong
woooiiiii,woy
woooiiiiiiii,woy
wooow,wow
wooowww,wow
woooyy,woy
woow,wow
woowwww,wow
wota2,wota-wota
wouww,wow
wowoooww,wow
woww,wow
wowww,wow
wowwww,wow
wowwwww,wow
woyyy,woy
wrn,warna
wuastagah,astaga
x,kali
xlian,kalian
y,ya
yaa,ya
yaaa,ya
yaaa ,ya
yaaaa,ya
yaaaaaa,ya
yaaah,ya
yaaampunnn,ya ampun
yaaang,yang
yaah,ya
yaahh,ya
yaahhh,ya
yaak,ya
yaakk,ya
yaakkk,ya
yaampuuuunnnn,ya ampun
yaang,yang
yach,ya
yachhh,ya
yaelahhh,alah
yah,ya
yahbh,ya
yahh,ya
yahhh,ya
yahhhh,ya
yaini,ya ini
yak,ya
yakaliiiii,yakali
yakinn,yakin
yakk,ya
yam,ya
yanckh,yang
yank,sayang
yankkk,sayang
yaoloh,yaallah
yaolohh,ya allah
yap,ya
yapp,ya
yappp,ya
yaudh,ya sudah
yaw,ya
yawda,ya sudah
yawlah,ya allah
yawloh,ya allah
yayang,sayang
yee,ya
yeee,ya
yeeee,ya
yela,yailah 
yelah,yailah 
yep,ya
yeuh,ya
yg,yang
ygs,sayang
yh,ya
yha,ya
yhaaa,ya
yng,yang
ynk,sayang
yo,ya
yodah,ya sudah
yoi,iya
yoiii,yoi
yoiiu,yoi
yok,yuk
yokk,yuk
yokkk,yuk
yoo,ayo
yook,yuk
yoooiii,yoi
yoookkkk,yuk
yooookkk,yuk
yooow,ya
yq,yang
ysh,ya
yu,yuk
yuh,tuh
yukk,yuk
yukkk,yuk
yukkkk,yuk
yuks,yuk
yukss,yuk
yup,ya
yuppss,ya
yups,ya
yupz,ya
yuu,yuk
yuuk,yuk
yuukk,yuk
yuuks,yuk
yuuu,yuk
yuuuk,yuk
yuuuuk,yuk
yuuuukkk,yuk
yuwkkk,yuk
ywdh,ya sudah
yya,ya
yyaaa,ya
z,saja
za,saja
zama,zaman
