index,comments
0,Cie cieeee 2024 optimis Prabowo presiden ğŸ™ŒğŸ”¥
1,"Bapak role model saya pak dari 2014 kemarinğŸ”¥ğŸ”¥ğŸ”¥ mudah""an sukses ya pak 2024 nanti #prabowopresiden"
2,Tim Prabowo â€”â€”â€”â€”â€”>
3,pak tahun depan kami buat bapak bisa menginjakan kaki bapak di karpet merah.. Amiin..
4,"yang lain mana bisa gagah gini, bisa nya cuma jelekin doangğŸ˜‚"
5,"Beda memang senyum Pak Jokowi ketika bersama dengan Pak Prabowo atau dengan Pak Ganjar. Dengan Pak Prabowo senyumnya lebih lepas & ikhlas, beda kalau bersama Pak Ganjar, senyumnya terbatas ğŸ˜‚"
6,kerenn bapakkkğŸ˜ğŸ”¥Bismillah 2024ğŸ™
7,Kami yakin Prabowo akan membawa kejayaan bagi negara kita! â¤ï¸ğŸ‡®ğŸ‡© #GloryWithPrabowo
8,â¤ï¸â¤ï¸ğŸ™ŒğŸ™ŒğŸ”¥ğŸ”¥
9,"Umur 72 tapi semangatnya 45,mantap calon RI1ğŸ«¡"
10,â¤ï¸â¤ï¸â¤ï¸â¤ï¸â¤ï¸â¤ï¸â¤ï¸â¤ï¸â¤ï¸â¤ï¸â¤ï¸â¤ï¸â¤ï¸â¤ï¸
11,ALL IN PRABOWO!!ğŸ”¥
12,Setelah ini jatahnya Pak Prabowo (presiden jokowi)
13,â¤ï¸â¤ï¸â¤ï¸â¤ï¸â¤ï¸â¤ï¸â¤ï¸ sehat terus pak
14,ALL IN PRABOWO â¤ï¸
15,Bagus banget
16,Bismillah gassskeunlah prabowo yes
17,Sehat selalu pak Prabowo â¤ï¸â¤ï¸â¤ï¸
18,mantull
19,"Ijin Pak Menhan,,,,Dengan penuh Hormat mengucapkan,,Dirgahayu TNI ke 78 Sukses dan Jaya untuk Indonesia Maju,,Sehat dan sukses selalu Pak Menhan,,,"
20,Sehat selalu bapakğŸ¤²ğŸ»ğŸ«¶ğŸ»
21,All IN BAPAK PRABOWO SUBIANTO.
22,Tahun depan bapakâ¤ï¸ğŸ™Œ
23,Sehat selaluu pak
24,"Sehat selalu Pak @prabowo .. tokoh persatuan bangsa, calon Presiden RI terbaik ğŸ™ğŸ™"
25,Anti menjatuhkan lawan mana pun hebat dirimu pak â¤ï¸
26,Presiden RI ke 7 bersama Presiden RI ke 8
27,Indonesia Bukan cuma Jakarta & Sekitarnya Tetapi Aceh/Sumatra jugak INDONESIA : 2024 All in Prabowo ğŸ”¥
28,Pak Bowo gagah banget ....
29,siap jendral
30,Bismillah 2024 Prabowo Presiden
31,Wahhhhh panutan kuâ¤ï¸
32,Prabowo ğŸ”¥ğŸ”¥
33,Total Prabowo â¤ï¸âœŠğŸ”¥ğŸ”¥ğŸ”¥
34,Mantap â¤ï¸
35,#allinprabowo2024 #prabowo
36,Semoga Akmil menerima lulusan SMK pak ğŸ˜ŠğŸ™
37,Sidikalang hadiiir. Horaass!!
38,Tim sebelah ketar ketir ga si
39,"Pahlawan sejati, Prabowo siap berkorban demi Indonesia."
40,Jangan Lupa Rabu 14 Februari 2024 coblos Prabowo...!!!ğŸ”¥ğŸ”¥ğŸ”¥
41,Prabowo Presiden 2024
42,"mudahan rezeki bapak tahun 2024 ini ğŸ”¥
semangat bapakkkk"
43,Orang cerdas pilih prabowo pastiğŸ˜
44,DIRGAHAYU TNI KE 78 JAYA DI LAUT JAYA DI UDARA JAYA DI DARAT
45,@nadiya_shahab @_dandeelionnn kyk bju pawai stm ok
46,"Untuk MARINIR TNI AL apa Pak?? @prabowo @kemhanri .. Kita ini negara Maritim dengan garis pantai terpanjang di Dunia. Justru harusnya MARINIR lah yg diperkuat dan harus dibikin besar sekali. Karena kalo melihat faktor strategis dalam berperang. Justru seharusnya peperangan itu sudah bisa ditangkal dari Laut/Pantai sebelum sampai di Darat. Jadi yg seharusnya diperbanyak dan diperkuat adalah TANK AMPHIBI, Helicopter Tempur dan Angkut serta Pesawat Angkut Pasukan yg besar untuk Penerjunan Pasukan AMPHIBI untuk MARINIR, Rocket Launcher untuk Marinir, LCVT untuk pendaratan pasukan AMPHIBI, Ransus Marinir, Speed Boat Canggih dan masih banyak yg lain.. Jangan hanya berfokus dan berpusat pada AD saja. Karena peperangan nanti justru mulainya dari Laut dan Pantai. Kalo kita sudah kuat di TNI AL dan MARINIR-nya, niscaya peperangan sudah dapat dimenangkan tanpa harus masuk ke wilayah daratan yg akan menimbulkan banyak korban Jiwa. Seharusnya Bapak sebagai ahli pertahanan berpikir sestrategis itu kalo sy pun bisa. Tolong perhatiannya ya, Pak."
47,Kepemimpinan Prabowo adalah kekuatan utama bagi Indonesia maju. ğŸš€ #IndonesiaMaju
48,"pakkk kenapaa tentara skrnggg bayarr pakkk,,, kakak saya diminta 350jt tolongg bapak @prabowo"
49,Saatnya Prabowo RI 1 ğŸ¤²ğŸ¤²
50,Yukk bisa yukk pak untuk Indonesia lebih baik! ğŸ”¥
51,Tolonglah di bantu Bapa @prabowo jadi Priseden plis kali ini saja ğŸ™
52,Anak muda all in Prabowo ğŸ”¥
53,Prabowo adalah contoh nyata kepemimpinan yang kuat.
54,Anak muda All in Prabowo ğŸ”¥ğŸ”¥ğŸ”¥ğŸ”¥
55,"Lanjutkan kepemimpinan jokowi pak, buat indonesia yg adil dan makmur"
56,Hut TNI ke-78 dan Presiden ke 7 dan 8 ğŸ™ŒğŸ»ğŸ”¥
57,Hade kie ey
58,Tni keren!!!
59,Presdien 2024 nih bosss
60,Kami bangga denga prestasi dan pengabdiannya kepada tanah air
61,Jaya selalu TNI
62,dari dulu org rumahku pilih prabowoğŸ˜â¤ï¸â€ğŸ”¥ğŸ«¶ 2024 all in bpk prabowo subiantoâ¤ï¸â€ğŸ”¥â¤ï¸â€ğŸ”¥
63,Keren bapak gwâ¤ï¸â¤ï¸â¤ï¸â¤ï¸â¤ï¸â¤ï¸â¤ï¸â¤ï¸â¤ï¸ğŸ˜
64,saya senang pak prabowo siap menahkodai indonesia
65,@prabowo
66,Bangsa ini bersyukur memiliki Prabowo sebagai pemimpin yang berani. ğŸ™Œ #BanggaIndonesia
67,Prabowo adalah pelindung bangsa yang setia.
68,Prabowo adalah teladan dalam kejujuran.
69,Setiap langkah Prabowo adalah untuk kebaikan Indonesia.
70,Bapaaaaakkkkkk ğŸ˜ğŸ™Œâ¤ï¸
71,Prabowoku
72,All in prabowo ğŸ”¥ğŸ”¥
73,ğŸ˜â¤ï¸
74,"Prabowo, kita berdiri teguh di belakangmu! ğŸ‡®ğŸ‡©ğŸ’ª #StandingStrongWithPrabowo"
75,Jendral yang Santun dan berjiwa besar.  Sehat dan sukses terus ya pak.
76,Ada pak SBY . SMOGA PAK PRABOWO JD PRESIDEN
77,Dr dlu sy dukung Prabowo trs tk pernah luntur
78,Presiden Saat ini & Presiden EsokğŸ™ğŸ»ğŸ˜‡
79,"Prabowo OkeğŸ‘, calon presiden kita bersamağŸ˜ âœï¸ğŸ‡²ğŸ‡¨ğŸ’¯ğŸ˜‡ğŸ‘â¤ğŸ˜"
80,Selamat hari  TNI. Prabowo presiden ğŸ”¥
81,"Mantap, presiden gue nih. Indonesia bersatu & maju selalu. Sehat selalu Jendral @prabowo â¤ï¸ğŸ”¥"
82,beautiful
83,Dirgahayu TNI yang ke 78... TNI semakin kuat untuk menjaga kedaulatan NKRIğŸ‡®ğŸ‡© merdekaâœŠ
84,"Pemimpin yang selalu berdiri tegak di hadapan tantangan, siap menghadapinya. ğŸ’ª #HadapiTantangan"
85,All in
86,Prabowo adalah sosok yang penuh integritas.
87,Prabowo adalah tokoh yang selalu mendukung kemajuan pendidikan.
88,Prabowo adalah prajurit yang tak kenal lelah.
89,Dari timur untuk prabowo
90,Indonesia raya butuh Prabowo
91,Pak ganjar gak hadir jadi sudah paham ternyata pak ganjar gak terlalu dekat sama TNI dia dekat sama universitas saja apalagi masalah alusista Tni pak ganjar gak bisa nangani hanya pak prabowo lah yg bisa prabowo Goat nya yg mirip lionel messi pak ganjar mirip C. RonaldoğŸ˜‚
92,Medan hadir. Horaass!!
93,ğŸ¤™ğŸ¤™
94,All in Prabowo Subianto 2024 ğŸ”¥
95,Bapak Prabowo gokil
96,Prabowo the next PresidenğŸ”¥
97,DIRGAHAYU TNI YG KE 78. Maju terus JENDERAL
98,Foto yang sangat bagus! ğŸ˜
99,@prabowo presidenkuuuu ğŸ”¥ğŸ”¥ğŸ”¥
100,Prabowo Presiden 2024 ğŸ”¥ğŸ”¥
101,Bersama untuk indonesia Majuâ¤ï¸
102,All in PrabowoğŸ”¥ğŸ™Œ
103,Presiden Jokowi bersama Presiden PrabowoğŸ”¥ğŸ‡®ğŸ‡©
104,â¤ï¸â¤ï¸
105,ğŸ˜ğŸ˜ğŸ˜ğŸ˜ğŸ˜
106,Mantap pisan
107,Prabowo adalah panutan dalam membangun pertahanan negara. ğŸ›¡ï¸ #PertahananNegara
108,Pak @prabowo presiden RI 2024 ğŸ‡²ğŸ‡¨ğŸ¤²
109,Prabowo ber etika dan Prabowo PresidenğŸ‡®ğŸ‡©ğŸ”¥ğŸ’ªğŸ»
110,Prabowo adalah prajurit yang siap menghadapi ancaman.
111,ALL IN PRABOWOOOO
112,pak tadi say nnton bapak di tv... lagi makan saya keselek pak.. liat bapak senyum ganteng bangetttğŸ˜­ğŸ˜­ğŸ˜­
113,Orang dengan intelijen yang jelek dan lemah
114,Semangat dan dedikasi Prabowo patut diacungi jempol.
115,Slide 1: Pak Jokowi bersama Presiden Indonesia 2024 Prabowo SubiantoğŸ”¥
116,Beribawa sekali pak â¤ï¸â¤ï¸
117,Pak kpn nih Indonesia nambah rudal lgi biar makin sangar TNI kita
118,ğŸ”¥ğŸ”¥ğŸ”¥ğŸ”¥
119,"Selamat Memperingati HUT TNI KE 78 Bapak Capres @prabowo  Semoga Semakin Baik Utk TNI ğŸ‡²ğŸ‡¨, Jayalah Selalu Di Darat, Laut, Dan Di Udara, Salam Komando ğŸ™ ğŸ«¡ , MERDEKAAA ğŸ‡®ğŸ‡©"
120,Selamat kepada TNI semoga semakin terdepan menjaga keutuhan dan pertahanan NKRI.ğŸ”¥ğŸ”¥
121,Kepemimpinan Prabowo adalah kekuatan utama bagi Indonesia maju. ğŸš€ #IndonesiaYangMaju
122,Pak Prabowo sehat selalu jenderal ğŸ”¥
123,Selamat hari TNI ğŸ”¥pak Prabowo selalu di hati â¤ï¸
124,Salam hormat untuk semuanya siapa orangnya Bapakku Prabowo Subianto Presiden Nya.
125,"Pemimpin yang selalu berdiri tegak di hadapan tantangan, siap menghadapinya. ğŸ’ª #HadapiTantangan"
126,Ia adalah pemimpin yang peduli pada kepentingan rakyat.
127,Prabowo adalah pemimpin yang tidak pernah ragu untuk melindungi kehormatan bangsa. ğŸ‡®ğŸ‡© #MelindungiKehormatanBangsaYangKuat
128,Kemampuan Prabowo dalam memimpin negara sangat luar biasa. ğŸ™Œ #KemampuanPemimpin
129,KerenğŸ‘ğŸ‘ğŸ‘
130,mantap pak prabowo sukses terusğŸ‡²ğŸ‡¨
131,presiden gua ğŸ‘ğŸ¼
132,#prabowopresiden
133,#prabowopresiden
134,#prabowopresiden
135,#prabowopresiden
136,#prabowopresiden
137,#prabowopresiden
138,#prabowopresiden
139,Insyallah 2024 - RI 1 ğŸ§¡ğŸ§¡
140,â¤ï¸â¤ï¸â¤ï¸â¤ï¸â¤ï¸â¤ï¸
141,Pak udah ngopi?
142,"2x saya pilih pak jokowi , dan pilpress kali ini saya akan pilih bapak @prabowo"
143,wow kerenğŸ˜
144,PAK PRABOWO SUBIANTO DJOJOHADIKUSUMO DIHATI MASYARAKAT YANG INGIN NKRI BERDIRI DI KAKI NYA SENDIRI â¤ï¸â¤ï¸
145,Unggah ungguh e sopan dan baik. ğŸ‘
146,"Pak @jokowi dan @prabowo kok harga2 naik semua ini ğŸ˜¥ setelah beras, dan bensin kok harga gula juga naik. Padahal jaman belanda dulu Indonesia itu eksportir gula nomor satu di dunia. ğŸ˜¢ @aniesbaswedan  Punya solusi apa spy harga2 stabil dan kalau bisa menurun, kl petani sih kasih subsidi terus aja spy tetap sejahtera, terutama subsidi pupuk itu a must, yg epnting harga sembako stabil dan terus menurun."
147,Pak sby
148,Dirgahayu TNI RI. TNI makin kuat dan Indonesia disegani dunia. Terimakasih Pak @prabowo.
149,pak prabowo siap menjadi RI 1
150,Dirgahayu TNI ke 78
151,Garda terdepan nkri. Selamat ulang tahun tni
152,"Program bapak ngasih PMT ke sekolah mengingatkan saya pada waktu SD, jaman pak harto setiap hari dikasih susu kotak sama roti. Ada lagi kelas 2 semua dikasih alat tulis, tas sekolah, sepatu, seragam. Indahnya waktu itu."
153,Insya Allah Indonesia tambah kuat kalau di pimpin oleh pak @prabowo
154,BismillahğŸ˜‡ pak prabowo Ri 1 2024 Aminn
155,Semangat dan inspirasi untuk seluruh anggota TNI
156,Kami mendukung upaya bapak dalam memperkuat TNI
157,Semoga semua upaya Anda membawa perubahan positif bagi Indonesia
158,"TNI Patriot NKRI
Pengawal Demokrasi Untuk
INDONESIA MAJU"
159,"Selamat Ulang Tahun TNI, 2024 pak @prabowo presiden"
160,"Bismillah.. 
Pak Prabowo Presiden Indonesia 2024 - 2029 ğŸ‡®ğŸ‡©ğŸ’¯
Aamiinn.."
161,@prabowo presiden ğŸ‡®ğŸ‡©
162,Lanjutkan program @jokowi bersama @prabowo
163,Gagah pak Menhan #Prabowo
164,Pak Owi dan pak owo besti poreper sosweet deh pak
165,"@prabowo @jokowi dua sahabat sejati yang di pisahkan sama emakğŸ˜‘. Inshallah Pak Jokowi membantu mendukung @prabowo jadi pemimpin bangsa di tahun depan aamiin , Yo ta gak mas bro @kaesangp @gibran_rakabuming"
166,#prabowopresiden2024 â™¥ï¸â™¥ï¸â™¥ï¸â™¥ï¸ like --->>>
167,"Keren banget sih pak, sehat selalu ya pakğŸ˜"
168,ğŸ”¥ğŸ”¥ğŸ”¥ğŸ”¥ğŸ”¥ğŸ”¥ Owo gass
169,NEXT PRESIDEN ğŸ”¥
170,Anak muda all in prabowoğŸ¤
171,2024 all in prabowo ğŸ”¥
172,"Bpk @jokowi pun tau,mana yg layak meneruskan beliau duduk di kursi kpresidenan yaitu Bpk @prabowo ğŸ™Œâ¤ï¸"
173,#prabowopresiden #prabowountuksemua ğŸ˜
174,Selamat hari ulang tahun TNI.jayalah selalu
175,Bismillah Insyaallah Pak Prabowo 2024â¤ï¸ğŸ™Œ
176,udah pasrah gatau lagi gimana caranya ngecilin perut sama lengan ini ada saran kahğŸ¥º
177,"pak, tolong bacain DM donggğŸ˜¢"
178,All In PrabowoğŸ‡®ğŸ‡©
179,2024 all in pak prabowoğŸ™Œ
180,#prabowopresiden
181,"Bapak tolong buka lagi kasus Mirna yg menjadikan Jessica tersangka, tanpa bukti dia di penjara 20 tahun. Jessica juga masyarakat Indonesia pak."
182,Anti Buzzer nih deckğŸ™ğŸ˜†
183,Semoga Allah meridhoi dan memberikan amanah untuk bapak bisa menjadi presiden RI selanjutnya ğŸ¤²
184,Ada pak SBY â¤ï¸
185,Inilah bapak yang akan membawa indonesia maju dari sd kelas 3 saya ingin bapak prabowo menang karena beliau tegas sebenarnya kita butuh presiden yg tegas tidak mau di injak injak salam 2 jari dari ujanmas dusun kecil yg ingin majuğŸ™ŒğŸ™Œâ¤ï¸ğŸ˜
186,Pliss Pengen nanya serius ada yang tau cara ngecilin perut buncit sama ngilangin perut berlemak dan bergelambir kalau boleh tau gimana caranya?ğŸ™ğŸ˜­
187,siap meneruskan kepemimpinan pakde jokowi
188,â¤ï¸â¤ï¸â¤ï¸â¤ï¸â¤ï¸â¤ï¸â¤ï¸
189,"Ada pak Yudhoyono juga itu, sudah masuk Koalisi Pak Prabowo Subianto juga jadi lebih Kuat koalisi nya Pak Prabowo sekarang"
190,ğŸ˜
191,Suksesor Jokowi
192,prabowo indonesia 1
193,Sehat selalu pak bowo
194,prabowo the next president of republic indonesia
195,pak jokowi dan pak prabowo terlihat sangat tulus kepada rakyat
196,slide 9...ğŸ™â¤ï¸â¤ï¸
197,Gerindra -prabowo Indonesia maju ğŸ”¥
198,"Mohon maaf pak ijin mengingatkan, segera ambil cuti ya pak mengingat pendaftaran capres-cawapres udh makin deket ğŸ˜Š"
199,ngab owoğŸ˜»ğŸŒ·
200,#2024PRABOWOPRESIDENğŸ‡®ğŸ‡©
201,Baru beberapa menit yg ngelike udah 200 rb an lebih
202,pak prabowo saatnya anda menaiki tahta kepemimpinan 2024 nanti
203,Prabowo adalah simbol kekuatan dan keberanian.
204,Kepemimpinan Prabowo adalah kekuatan utama Indonesia.
205,Prabowo adalah pemimpin yang mendukung kesejahteraan sosial.
206,Prabowo adalah pelindung bangsa yang setia.
207,Prabowo adalah sosok yang selalu berjuang untuk persatuan.
208,Prabowo adalah contoh nyata kepemimpinan yang kuat dan adil. ğŸ’ª #KepemimpinanKuat
209,Kemampuan Prabowo dalam menjaga kedaulatan sangat luar biasa. ğŸ‡®ğŸ‡© #KedaulatanIndonesia
210,Semangat juang Prabowo adalah kebanggaan kita semua.
211,Kemampuan Prabowo dalam menjaga kedaulatan sangat luar biasa. ğŸ‡®ğŸ‡© #KedaulatanIndonesia
212,Prabowo adalah teladan dalam memimpin dengan hati.
213,Pemimpin yang selalu berdiri tegak di hadapan tantangan.
214,Keberanian Prabowo adalah aset berharga bagi Indonesia.
215,Setiap tindakan Prabowo adalah untuk kebaikan dan kemakmuran rakyat. ğŸ’° #KemakmuranRakyat
216,Prabowo adalah panutan dalam membangun pertahanan negara.
217,Negarawan
218,Prabowo adalah pemimpin yang selalu mendukung keadilan.
219,Prabowo adalah pemimpin yang mendukung kesejahteraan masyarakat.
220,Prabowo selalu siap membela bangsa ini.
221,"bukan tentang Prabowo, tetapi tentang rakyat Indonesia saatnya harus mulai tegap, semangat, bangkit dengan patriotisme. Nggak kebayang apa perang udah berkecamuk di mana2 saatnya kita bersiap-siap menghadapi naifnya zaman."
222,Prabowo adalah pemimpin yang membawa harapan.
223,BapakPRABOWO kharismanya tambah hari tambah keluar  seperti PRESIDEN
224,Pemimpin yang selalu memberikan yang terbaik untuk rakyat. ğŸŒŸ #MemberikanYangTerbaik
225,"Pemimpin yang selalu berdiri tegak di hadapan tantangan, siap menghadapinya. ğŸ’ª #HadapiTantangan"
226,Sosok yang selalu setia dan berdedikasi untuk kebaikan rakyatnya.
227,Prabowo adalah panutan dalam menjaga kehormatan dan integritas negara. ğŸŒŸ #IntegritasBangsa
228,Kemampuan Prabowo dalam menjaga kedaulatan tidak bisa diragukan lagi. ğŸ‡®ğŸ‡© #KedaulatanBangsa
229,Keberanian Prabowo menginspirasi generasi muda.
230,Pemimpin yang selalu komitmen pada kemajuan bangsa. ğŸš€ #KemajuanBangsaYangKuat
231,Prabowo adalah sosok yang berjuang tanpa kenal lelah untuk Indonesia.
232,Pemimpin yang selalu memahami kebutuhan rakyat.
233,"Bismillah pakk,rubah negri iniğŸ”¥"
234,Prabowo adalah panutan bagi generasi muda Indonesia.
235,Prabowo adalah pemimpin yang berkomitmen pada kesejahteraan rakyat.
236,Prabowo adalah garda terdepan dalam pembangunan bangsa.
237,Prabowo adalah prajurit yang menjaga kehormatan bangsa.
238,Assalamualaikum great LEADER RELIGIOUS (hafidz understood 4 kitab + 1 hadist Allah) SMART (prof and had world WIPO) STRONGER Combaters and ARMY technology ICONIC (handsome + great attitude + healthy) karya saya April 2019 yg terus disempurnakan ditengah segala blokade Allah law and human genetic based on taurat Zabur Injil Al quran hadist all istijhad yg selamat combining SVD + SAUDIA (ACEH + PAPUA) SVD yg pelihara taurat Zabur Injil ACEH pelihara syariat Islam Indonesia Al quran dan hadist (ALLAH GIVERMENT ON EARTH) ini saya Farah Diba Setiana Widiastutik granddoughter suudi Saudi rosalyn Skandinavia Javanesse wassalamu'alaikum
239,Prabowo adalah panutan dalam membangun pertahanan negara. ğŸ›¡ï¸ #PertahananNegara
240,Keberhasilan Prabowo dalam menjaga kedaulatan bangsa patut diapresiasi.
241,Prabowo adalah pelindung kehormatan bangsa.
242,Pemimpin yang selalu menjunjung tinggi nilai-nilai kebangsaan dan kejujuran. ğŸ‡®ğŸ‡© #NilaiKebangsaan
243,Prabowo adalah panutan dalam mempertahankan kedaulatan Indonesia. ğŸ›¡ï¸ #KedaulatanIndonesia
244,Pemimpin yang selalu mendahulukan kepentingan bangsa di atas segalanya. ğŸ‡®ğŸ‡© #KepentinganBangsa
245,Kepemimpinan Prabowo adalah berkah bagi bangsa.
246,Presiden!
247,Pemimpin yang selalu mendengarkan aspirasi rakyatnya.
248,"Prabowo, prajurit yang tulus mencintai tanah air."
249,Prabowo adalah panutan dalam membangun pertahanan negara.
250,Prabowo adalah panutan dalam membangun pertahanan negara. ğŸ›¡ï¸ #PertahananBangsa
251,Prestasi Prabowo dalam membangun pertahanan negara patut diacungi jempol. ğŸ‘ #PertahananNegara
252,Kepemimpinan Prabowo adalah kekuatan utama untuk Indonesia maju. ğŸš€ #IndonesiaMaju
253,Prabowo adalah pilar pertahanan negara kita.
254,Bangsa ini bersyukur memiliki Prabowo sebagai pemimpin yang berani. ğŸ™Œ #BanggaIndonesia
255,Sehat selalu Bapak PrabowoğŸ‡®ğŸ‡©ğŸ˜‡ğŸ™
256,Keberhasilan Prabowo adalah kisah sukses yang menginspirasi.
257,Prabowoâ¤ï¸â¤ï¸â¤ï¸
258,Prabowo selalu berjuang untuk keadilan sosial.
259,Prabowo adalah pahlawan modern Indonesia.
260,Prabowo adalah panutan bagi pemuda-pemudi Indonesia.
261,Prabowo adalah pemimpin yang memperjuangkan persamaan hak.
262,Prabowo adalah simbol kesetiaan kepada NKRI.
263,Prabowo adalah sosok yang tak pernah lelah dalam berjuang.
264,Semangat dan dedikasi Prabowo patut diacungi jempol. ğŸ‘ #DedikasiTinggi
265,â¤ï¸
266,"Tetap pak anis pilihan terbaik, salam dri kalbar,kab.sambas"
267,Pemimpin yang selalu berjuang untuk kesejahteraan rakyat.
268,"Prajurit sejati selalu bersama rakyatnya, seperti Prabowo."
269,Kita beruntung memiliki Prabowo sebagai pemimpin kita.
270,Prabowo adalah teladan dalam memimpin dengan hati dan integritas. â¤ï¸ #HatiDanIntegritas
271,Sehat selaluâ¤ï¸ğŸ‡®ğŸ‡©ğŸ‡®ğŸ‡©
272,ğŸ”¥
273,â¤ï¸
274,DIRGAHAYU TNI KE - 78 PENGAWAL DEMOKRASI UNTUK INDONESIA MAJU
275,"Mantap Bapakku maju terus bersama bapakku Prabowo Subianto jika ada orang menghina bapakku jogedin aja jangan di ambil hati enggak penting bales dengan senyuman, berarti orang tersebut telah menghina Indonesia pula,
Bapakku Prabowo Subianto ibu Pertiwi Indonesia Raya Bhinneka tunggal ika kudu jadi PresidenğŸ‡²ğŸ‡¨
THE NEXT PRESIDEN INDONESIA PRABOWO SUBIANTO 2024 wayahna kudu jadi Bapakku Prabowo Subianto Presiden Sehat selalu Bapakku Prabowo Subianto 17 Oktober 1951 
Salam Indonesia Raya!"
276,Prabowo adalah pemimpin yang memperjuangkan persamaan hak.
277,Ia adalah pemimpin yang peduli pada kepentingan rakyat.
278,Dirgahayu tni ğŸ™Œâ¤ï¸ğŸ‡®ğŸ‡©
279,Prabowo selalu setia kepada ideologi Pancasila.
280,Keberanian Prabowo adalah aset berharga bagi Indonesia.
281,Pemimpin yang selalu berkomitmen pada kemajuan bangsa.
282,â¤ï¸ğŸ‡®ğŸ‡©ğŸ‡®ğŸ‡©ğŸ‘
283,Prabowo adalah pahlawan yang selalu berjuang.
284,Prabowo selalu menjadi harapan dan inspirasi bagi banyak orang. ğŸ’« #HarapanDanInspirasiYangKuat
285,"Wakilnya jangan pak erick ya pak,dia fokus bumn & pssi , bapak sama pak airlangga aja yg gak terlalu sibuk bgt ğŸ™ğŸ™"
286,Kepemimpinan Prabowo adalah anugerah bagi bangsa. ğŸ #AnugerahBagiBangsa
287,"Selagi bapak masih mencalonkan presiden, saya akan dukung  sampai menjadi presiden R1, 2014 coblos prabowo, 2019 coblos prabowo dan kali ini tetap yang sama 2024 all in prabowo subiantoğŸ”¥ğŸ”¥ğŸ”¥â¤ï¸ğŸ˜ğŸ¤²ğŸ™ğŸ‘ŠâœŠğŸ¤œğŸ¤›ğŸ’ª"
288,Keberhasilan Prabowo dalam mempertahankan bangsa adalah inspirasi bagi kita semua. ğŸ’ª #IndonesiaBangkit
289,Pak Prabowo 2024 berjaya
290,Prabowo adalah prajurit yang tak kenal lelah.
291,Pemimpin yang selalu memberikan yang terbaik untuk rakyat.
292,PRESIDEN KE 7 DAN NEXT KE 8
293,2024 fix bgtsih ini mah Presiden
294,Nempel terus....ğŸ˜‚ğŸ˜‚
295,Pak H. Prabowo Subianto Presiden RI 2024 ğŸ‡®ğŸ‡© Aamiin YRAğŸ¤²ğŸ¤²ğŸ¤²
296,Prabowo adalah pemimpin yang berkomitmen pada kesejahteraan rakyat.
297,Prabowo adalah prajurit yang tak kenal lelah dalam melindungi negara. ğŸ’‚â€â™‚ï¸ #PrajuritYangTakKenalLelah
298,Mantap prabowo presiden 2024
299,ğŸ‘
300,Bangsa ini berhutang budi pada prajurit seperti Prabowo.
301,Indonesia membutuhkan pemimpin seperti Prabowo.
302,Prahara Prabowo selalu siap menjaga kedaulatan Indonesia. ğŸ’¥ #PahlawanBangsa
303,Keberhasilan Prabowo adalah cerita sukses yang menginspirasi banyak generasi. ğŸ“– #CeritaSukses
304,Keberhasilan Prabowo adalah cerminan dari semangat prajurit.
305,Prabowo memimpin dengan integritas dan kebijaksanaan. ğŸŒŸ #IntegritasPemimpin
306,Keberhasilan Prabowo adalah cerita sukses Indonesia.
307,"Umur udah 35 , gk pernah se x pun aku ikut nyoblos untuk pemilihan  president sama se x, tapi nanti 2024 aku pingin ikut nyoblos untuk pertama x nya, dan saya akan pilih bapak @prabowo .kalau nanti bapak prabowo kepilih jadi president RI  bapak bisa janji sama saya untuk membenahi jalan di desa saya? Tepat nya di desa  KARANGREJA KECAMATAN KAWUNGANTEN KABUPATEN CILACAP JAWA TENGAH.jalan di desa saya rusak parah bapak.Saya doa kan bapak selalu sehat dan senantiasa selalu dalam lindungan allah swt.Aamiin"
308,"Mungkin @prabowo sdh tau kecurangan pemilu 2014 dan 2019 yang memenangkan jkw..beliau mengagumi betapa hebat dan canggihnya kecurangan pilpres hingga mampu dg mudah memenangakn jkw, dan skrg dalam benaknya hanya jkw lah yang mampu memenangkan pilpres, dengan kecurangan sekalipun, shg jalan itulah yg hendak ditempuh @prabowo , baginya suara rakyat gak penting ! Krn ujung2nya dicurangin ! Begitulah dlm benaknya...padahal yg menjadikan seseorang jd presiden atau tidak adalah sekenario Allah, dia mungkin lupa..."
309,Yang lain sibuk kampanye yang ini sibuk hadiri acara kenegaraan #prabowopresiden
310,Prabowo adalah penjaga kedaulatan negara ini.
311,ANIES BASWEDAN PRESIDEN
312,Ia adalah prajurit yang tulus mencintai tanah air.
313,Bangsa ini berhutang kepada Prabowo atas dedikasinya.
314,Anis dan Ganjar sing janji palsu minggir Wayae wong sing setia Karo NKRI tampil #prabowopresidenğŸ‡®ğŸ‡©ğŸ‡®ğŸ‡©ğŸ‡®ğŸ‡© ğŸ‘ğŸ»
315,SehatÂ² ya pak... Indonesia butuh bapakâ¤ï¸
316,Pemimpin yang selalu hadir dalam setiap momen penting untuk Indonesia. ğŸ‡®ğŸ‡© #MomenPenting
317,Pemimpin yang selalu komitmen pada kemajuan bangsa. ğŸš€ #KemajuanBangsaYangKuat
318,Prabowo adalah sosok yang selalu berpikir jauh ke depan.
319,Prabowo adalah panutan dalam membangun pertahanan negara. ğŸ›¡ï¸ #PertahananNegaraYangKuat
320,"Kita bisa percaya kepada Prabowo dalam situasi sulit, ia adalah pemimpin yang handal. ğŸ¤ #PemimpinHandal"
321,Prabowo adalah prajurit yang tangguh dan gigih.
322,Pemimpin yang selalu memberikan yang terbaik untuk rakyat.
323,Prabowo adalah pemimpin yang memperjuangkan persamaan hak.
324,Kepemimpinan Prabowo adalah kekuatan utama bagi Indonesia maju. ğŸš€ #IndonesiaYangMaju
325,Semangat pejuang selalu membakar dalam diri Prabowo.
326,Presiden & Nex Presiden Indonesia Raya ğŸ¤ğŸ‡®ğŸ‡©ğŸ¤
327,Anis Baswedan saja cukup
328,Ya dari pada Ganjar lebih baik Prabowo  tapi  Anis lebih  baik dari keduanyağŸ˜®
329,Prabowo adalah sosok yang selalu bersatu dengan rakyat.
330,Prabowo adalah pemimpin yang berfokus pada pengembangan daerah.
331,Pak kamu gemoy banget ğŸ˜
332,Prabowo adalah simbol kesetiaan kepada NKRI.
333,Prabowo adalah simbol kekuatan dan tekad.
334,"Prabowo memimpin dengan teladan, menjunjung tinggi semangat kebangsaan. ğŸ‡®ğŸ‡© #SemangatBangsa"
335,Bapak prabowo adalah orang paling iklas mengabdi untuk negara iniğŸ¥³ğŸ¥³ğŸ¥³
336,Bangga memiliki Prabowo sebagai pemimpin yang berdedikasi untuk kemajuan Indonesia. ğŸ™Œ #PemimpinIndonesia
337,Bapakprabowopresidenindonesiaselamalamanya
338,Pak mau nanya ada loker ga ?
339,"Kita bisa percaya kepada Prabowo dalam situasi sulit, ia adalah pemimpin yang handal. ğŸ¤ #PemimpinYangHandal"
340,"isinya beli beli beli doang ni menhan, dijewer lewat pidato kan"
341,"Teruslah memimpin dengan hati dan integritas, Pak Prabowo"
342,Semangat juang Prabowo tak pernah pudar.
343,Prabowo selalu siap berjuang untuk rakyat Indonesia.
344,mantappp
345,presiden prabowo
346,alll in prabowo
347,â¤ï¸
348,Pliss Pengen nanya serius ada yang tau cara ngecilin perut buncit sama ngilangin perut berlemak dan bergelambir kalau boleh tau gimana caranya?ğŸ™ğŸ˜­
349,prabowo subianto number one
350,Foto yang sangat bagus! ğŸ˜
351,prabowo subianto terbaik
352,prabowo subianto terbaik
353,Sll bisa menghargai org lain luarrr biasa hati beliau seluas samudera next PRESIDEN RI 2024â¤ï¸â¤ï¸â¤ï¸â¤ï¸
354,prabowo subianto terbaik
355,Pak prabowo awas kena prank lagi sama wiwi.. Dia tu  sangat mahir ngeprank..ğŸ˜‚
356,Selalu di hatiâ¤ï¸ jenderal
357,pak jokowi kode keras pak prabowo siap menjadi RI 1
358,sangat luar biasa dua tokoh politik ini
359,"kemesraan ini janganlah cepat berlalu , pak jokowi kode keras yang akan meneruskan perjuangan nya adalah pak prabowo"
360,prabowo presiden
361,ğŸ¤™ğŸ¤™
362,siap meneruskan kepemimpinan pakde jokowi
363,prabowo presiden
364,indonesia butuh nahkoda yang kuat dan tahan banting seperti pak prabowo
365,siap menjadi RI 1 pak prabowo
366,pak prabowo dan pak jokowi semoga anda berdua sehat selalu
367,prabowo subianto idolaku
368,Terima kasih telah berbagi momen ini! ğŸ“¸
369,ğŸ”¥ğŸ”¥
370,prabowo subianto number one
371,semua tujuan sudah include pada satu tokoh yaitu pak prabowo subianto
372,prabowo siap menahkodai indonesia menuju tak terbatas dan melampauinya
373,pak prabowo saatnya anda menaiki tahta kepemimpinan 2024 nanti
374,pak prabowo love u
375,prabowo is number one
376,Youâ€™ll Never Walk Alone Pak Prabowo ğŸ”¥ğŸ”¥
377,prabowo is number one
378,prabowo siap menjadi presiden
379,Prabowo RI 1
380,Tni keren!!!
381,prabowo next RI 1
382,All In 2024ğŸ‡²ğŸ‡¨
383,Garda terdepan nkri. Selamat ulang tahun tni
384,prabowo presiden 2024
385,Prabowo terbaikğŸ”¥ğŸ”¥ğŸ”¥
386,Presdien 2024 nih bosss
387,Optimis prabowo2024
388,prabowo the next president of republic indonesia
389,prabowo subianto idolaku
390,"gas terus pak , siap menggantikan pakde jokowi"
391,PresidennnnğŸ”¥
392,â¤ï¸â¤ï¸â¤ï¸
393,"Pak @jokowi dan @prabowo kok harga2 naik semua ini ğŸ˜¥ setelah beras, dan bensin kok harga gula juga naik. Padahal jaman belanda dulu Indonesia itu eksportir gula nomor satu di dunia. ğŸ˜¢ @aniesbaswedan  Punya solusi apa spy harga2 stabil dan kalau bisa menurun, kl petani sih kasih subsidi terus aja spy tetap sejahtera, terutama subsidi pupuk itu a must, yg epnting harga sembako stabil dan terus menurun."
394,prabowo subianto presiedenku
395,prabowo next RI 1
396,prabowo subianto terbaik
397,sangat luar biasa dua tokoh politik ini
398,PrabowoğŸ”¥
399,prabowo my president
400,"Hanya orang yg tidak ingin melihat negara Indonesia maju,kalau TDK memilih nya utk JD presiden"
401,â¤ï¸â¤ï¸â¤ï¸â¤ï¸
402,pak prabowo still the best leaders ever
403,prabowo the next president of republic indonesia
404,pak jokowi dan pak prabowo terlihat sangat tulus kepada rakyat
405,saya senang pak prabowo sebentar lagi menggantikan pak joko widodo
406,prabowo siap menahkodai indonesia menuju tak terbatas dan melampauinya
407,prabowo subianto siap meneruskan kepemimpinan jokowi
408,saya senang pak prabowo siap menahkodai indonesia
409,Lanjutkan pak Prabowo â¤ï¸
410,semua tujuan sudah include pada satu tokoh yaitu pak prabowo subianto
411,â¤ï¸
412,Pak SBY â¤ï¸â¤ï¸â¤ï¸
413,siap menjadi RI 1 pak prabowo
414,pak prabowo love u
415,pak prabowo lope u
416,indonesia ditangan pak prabowo 2024 nanti saya yakin akan menjadi bangsa yang besar dan hebat
417,prabowo siap menjadi presiden
418,prabowo presiden 2024
419,prabowo next RI 1
420,#kodeprabowoindonesia1
421,pak prabowo saatnya anda menaiki tahta kepemimpinan 2024 nanti
422,indonesia butuh nahkoda yang kuat dan tahan banting seperti pak prabowo
423,All In PrabowoğŸ‡®ğŸ‡©
424,dua tokoh nasionalis yang mati
425,prabowo indonesia 1
426,Prabowo Subianto presiden RI 2024 ğŸ”¥
427,Siapapun cawapresnya.. yg penting Pak Prabowo presidennya..
428,Prabowo Presiden 2024 ğŸ”¥
429,Kok prabowo g make seragamnya yağŸ˜¢
430,prabowo menang indonesia senang
431,Tombol -> pak Prabowo collab sama pak Bas ğŸ˜…
432,pak prabowo dan pak jokowi semoga anda berdua sehat selalu
433,Bismillah 2024 pak prabowo presiden RI â¤ï¸
434,#kodeprabowoindonesia1
435,"matian membangun bangsa , pak jokowi dan pak prabowo semoga anda berdua diberikan kesehatan dan umur panjang"
436,pak jokowi dan pak prabowo terlihat sangat tulus kepada rakyat
437,2024 all in prabowoğŸ”¥ğŸ”¥
438,indonesia akan maju jika dipimpin oleh pak prabowo
439,prabowo subianto nahkoda bangsa
440,saya senang pak prabowo siap menahkodai indonesia
441,indonesia ditangan pak prabowo 2024 nanti saya yakin akan menjadi bangsa yang besar dan hebat
442,Presidenku ğŸ˜ğŸ˜ğŸ˜ğŸ˜
443,ALL IN PRABOWO!!ğŸ”¥
444,#kodeprabowoindonesia1
445,prabowo the next president of republic indonesia
446,prabowo jagoanku
447,pak jokowi dan pak prabowo keakraban nya bagai adik dan kakak
448,prabowo jagoanku
449,#kodeprabowoindonesia1
450,pak prabowo dan pak jokowi memang pancen oye
451,@prabowo presiden 2024
452,keren banget kedua orang ini ya ges ya
453,Pak Prabowo sehat selalu nggih pak..â¤ï¸
454,prabowo subianto idolaku
455,prabowo presiden 2024
456,sangat luar biasa dua tokoh politik ini
457,prabowo my president
458,"Tadi ketemu bapak pak di RSPAD, tadinya pengen tereak ""ayo pak kalahkan asing aseng"" ğŸ™ğŸ¼"
459,saya senang pak prabowo sebentar lagi menjadi RI 1
460,"NEMPEL TERUSSS BAPAK,,,SAMPAI MERAIH KEKUASAANğŸ™ğŸ™ğŸ‘ğŸ‘"
461,My president.
462,ğŸ”¥ğŸ”¥ğŸ”¥
463,indonesia ditangan pak prabowo 2024 nanti saya yakin akan menjadi bangsa yang besar dan hebat
464,"gas terus pak , siap menggantikan pakde jokowi"
465,"kemesraan ini janganlah cepat berlalu , pak jokowi kode keras yang akan meneruskan perjuangan nya adalah pak prabowo"
466,prabowo subianto presiedenku
467,indonesia akan maju jika dipimpin oleh pak prabowo
468,indonesia butuh nahkoda yang kuat dan tahan banting seperti pak prabowo
469,Bismillah Insyaallah Pak Prabowo 2024â¤ï¸ğŸ™Œ
470,pak jokowi kode keras pak prabowo siap menjadi RI 1
471,"kemesraan ini janganlah cepat berlalu , pak jokowi kode keras yang akan meneruskan perjuangan nya adalah pak prabowo"
472,"gas terus pak , siap menggantikan pakde jokowi"
473,prabowo subianto idolaku
474,Bismillah 2024 presiden pak ğŸ”¥
475,â¤ï¸â¤ï¸â¤ï¸â¤ï¸â¤ï¸
476,prabowo subianto nahkoda bangsa
477,pak prabowo dan pak jokowi memang pancen oye
478,sangat luar biasa dua tokoh politik ini
479,pak prabowo lope u
480,prabowo subianto number one
481,prabowo jagoanku
482,dua tokoh nasionalis yang mati
483,pak prabowo siap menjadi RI 1
484,Maju terus pak masih banyak rakyat membutuhkan AndağŸ˜ğŸ˜
485,"Pakk , boleh gak sih saran jadi sebelum masuk kebilik suara, para pemilih setidaknya membuka kertas dihadapan org2, kan banyak tuh para teamsukses dari para capres atau partai, mencegah surat suara sudah tercoblos sebelum dipilih pak, jadi bener2 disaksikan surat suaranya itu tidak di curangi pak,,,, @prabowo kasian pak kalau pemilu sekarang ada yang begitu, kasian bapak"
486,siap meneruskan kepemimpinan pakde jokowi
487,indonesia akan maju jika dipimpin oleh pak prabowo
488,prabowo subianto siap meneruskan kepemimpinan jokowi
489,indonesia butuh nahkoda yang kuat dan tahan banting seperti pak prabowo
490,Anti Buzzer nih deckğŸ™ğŸ˜†
491,prabowo is number one
492,pak jokowi dan pak prabowo keakraban nya bagai adik dan kakak
493,prabowo presiden 2024
494,prabowo subianto idolaku
495,prabowo presiden 2024
496,Kami yakin Prabowo akan membawa kejayaan bagi negara kita! â¤ï¸ğŸ‡®ğŸ‡© #GloryWithPrabowo
497,"Prabowo, kita berdiri teguh di belakangmu! ğŸ‡®ğŸ‡©ğŸ’ª #StandingStrongWithPrabowo"
498,pak prabowo dan pak jokowi semoga anda berdua sehat selalu
499,saya senang pak prabowo siap menahkodai indonesia
500,pak prabowo siap menjadi RI 1
501,"DIRGAHAYU @puspentni KE 78 ğŸ™ğŸ»ğŸ‡®ğŸ‡©, SUPER TERIMA KASIH BANYAK PAK MENTERI @prabowo TELAH MEMBANTU PAK PRESIDEN @jokowi DALAM MELAKUKAN MODERNISASI ALUTSISTA TNI & MENINGKATKAN PERTAHANAN BANGSA INDONESIA, SEMOGA PAK @prabowo DITAKDIRKAN ALLAH SWT SEBAGAI PENERUS PERJUANGAN KERAS PAK PRESIDEN @jokowi MENJADI PRESIDEN RI MASA BAKTI 2024 - 2034 YANG AMAN, STABIL, & PROSPEKTIF DALAM MENUJU VISI INDONESIA MAJU & EMAS 2045 ğŸ‡®ğŸ‡©."
502,All in lah masa gakğŸ”¥ğŸ™Œ
503,sangat luar biasa dua tokoh politik ini
504,prabowo subianto terbaik
505,Wahhhhh panutan kuâ¤ï¸
506,prabowo siap menahkodai indonesia menuju tak terbatas dan melampauinya
507,pak jokowi kode keras pak prabowo siap menjadi RI 1
508,pak prabowo saatnya anda menaiki tahta kepemimpinan 2024 nanti
509,"kemesraan ini janganlah cepat berlalu , pak jokowi kode keras yang akan meneruskan perjuangan nya adalah pak prabowo"
510,pak prabowo dan pak jokowi sungguh mesra ya ges ya
511,prabowo menang indonesia senang
512,siap jendral
513,prabowo subianto siap meneruskan kepemimpinan jokowi
514,siap meneruskan kepemimpinan pakde jokowi
515,semua tujuan sudah include pada satu tokoh yaitu pak prabowo subianto
516,pak jokowi kode keras pak prabowo siap menjadi RI 1
517,"kemesraan ini janganlah cepat berlalu , pak jokowi kode keras yang akan meneruskan perjuangan nya adalah pak prabowo"
518,ğŸ˜ğŸ˜ğŸ˜ğŸ˜ğŸ˜
519,pak prabowo dan pak jokowi sungguh mesra ya ges ya
520,pak prabowo dan pak jokowi memang pancen oye
521,prabowo subianto idolaku
522,mantap pak prabowo sukses terusğŸ‡²ğŸ‡¨
523,prabowo presiden 2024
524,pak jokowi dan pak prabowo terlihat sangat tulus kepada rakyat
525,prabowo siap menahkodai indonesia menuju tak terbatas dan melampauinya
526,PresidenkuuuuuğŸ”¥
527,pak prabowo love u
528,siap meneruskan kepemimpinan pakde jokowi
529,pak prabowo dan pak jokowi semoga anda berdua sehat selalu
530,"gas terus pak , siap menggantikan pakde jokowi"
531,prabowo subianto siap meneruskan kepemimpinan jokowi
532,pak prabowo siap menjadi RI 1
533,Saya senang sekali melihat para ELIT rukun ğŸ˜ğŸ™Œ
534,we love you.. bapaaak â¤ï¸â¤ï¸â¤ï¸â¤ï¸ 2024 prabowo presiden!!
535,prabowo siap menjadi presiden
536,pak prabowo lope u
537,jaya selalu pakâ¤ï¸
538,prabowo pilihanku
539,#kodeprabowoindonesia1
540,dua tokoh nasionalis yang mati
541,Pak Prabowo.. Apa tanggapan Anda tentang Sosial Commers ? Sosial media plus tempat berjualan.. ? Kalo UMKM bisa berkembang dengan adanya Sosial Commers apakah bapak akan mempertahankan sosial commers dengan membuat regulasi baru atau tetap dengan regulasi lama yaitu sosial media dan e-commerce harus dipisah ? Tolong ini ditanggapi... Saya selaku seller online ingin dengar tanggapan Para calon pemimpin negeri ini..
542,pak prabowo love u
543,indonesia butuh nahkoda yang kuat dan tahan banting seperti pak prabowo
544,prabowo the next president RI
545,prabowo siap menahkodai indonesia menuju tak terbatas dan melampauinya
546,saya senang pak prabowo sebentar lagi menjadi RI 1
547,saya senang pak prabowo siap menahkodai indonesia
548,pak prabowo dan pak jokowi sungguh mesra ya ges ya
549,"Saya berjanji akan mencoblos bapak. Tapi bisa saya tarik janji saya, jika wapres nya Si Er!ck.Bukannya hanya plin plan, tapi plan plin. Plan nya sebelum di pilih & setelah SANGAT TIDAK SESUAI.."
550,saya senang pak prabowo sebentar lagi menggantikan pak joko widodo
551,pak jokowi dan pak prabowo keakraban nya bagai adik dan kakak
552,Presiden kuâ¤ï¸
553,pak prabowo siap menjadi RI 1
554,Sehat selalu pakâ¤ï¸â¤ï¸
555,pak prabowo saatnya anda menaiki tahta kepemimpinan 2024 nanti
556,saya senang pak prabowo sebentar lagi menggantikan pak joko widodo
557,pak prabowo dan pak jokowi memang pancen oye
558,"kemesraan ini janganlah cepat berlalu , pak jokowi kode keras yang akan meneruskan perjuangan nya adalah pak prabowo"
559,ğŸ‘
560,saya senang pak prabowo sebentar lagi menggantikan pak joko widodo
561,Angkut Bu Kofifah ğŸ”¥
562,prabowo jagoanku
563,prabowo siap menahkodai indonesia menuju tak terbatas dan melampauinya
564,dua tokoh nasionalis yang mati
565,AKAR RUMPUT ALL IN ANIES IMIN (AMIEN)...! ğŸ‡®ğŸ‡©ğŸ§¡ğŸ’™ğŸ‘‰ğŸ‘‰
566,prabowo pilihanku
567,"matian membangun bangsa , pak jokowi dan pak prabowo semoga anda berdua diberikan kesehatan dan umur panjang"
568,"kemesraan ini janganlah cepat berlalu , pak jokowi kode keras yang akan meneruskan perjuangan nya adalah pak prabowo"
569,Bismillah pak prabowo presiden 2024... ğŸ‘
570,Anak muda dukung PrabowoğŸ˜
571,pak prabowo lope u
572,prabowo siap menahkodai indonesia menuju tak terbatas dan melampauinya
573,pak prabowo orang yang paling ikhlas
574,#kodeprabowoindonesia1
575,Bapak ini jalan santainyaa agak beda yah ğŸ˜ŠğŸ˜ŠğŸ˜ğŸ˜ğŸ˜
576,prabowo menang indonesia senang
577,prabowo pilihanku
578,Insha Allah doa dari masyarakat Indonesia Pak Prabowo menjadi Presiden RI ke-8 #prabowopresiden ğŸ‡®ğŸ‡©
579,"kemesraan ini janganlah cepat berlalu , pak jokowi kode keras yang akan meneruskan perjuangan nya adalah pak prabowo"
580,pak prabowo dan pak jokowi memang pancen oye
581,prabowo the next president RI
582,pak jokowi dan pak prabowo terlihat sangat tulus kepada rakyat
583,prabowo subianto nahkoda bangsa
584,sangat luar biasa dua tokoh politik ini
585,prabowo the next president RI
586,Pak q kuLonnn q kok mbog koperi truss kapan sowan mriki sekalian bapae kidoLğŸ™ğŸ»sug q didokog gen koper trus pak.
587,prabowo siap menjadi presiden
588,prabowo subianto number one
589,Sumug q pak didekeg njero koper trozzzzğŸ˜‚ğŸ˜‚
590,Tahun depan gantian bapak yg dikawal ğŸ˜
591,prabowo pilihanku
592,"Hidup berjaya TNI, sehat selalu pak Prabowo sukses dan dalam lindungan Nya. ğŸ™ğŸ‘ğŸ”¥â¤â¤â¤"
593,prabowo presidenku
594,Gagah Pak Bos ğŸ«¡
595,indonesia butuh nahkoda yang kuat dan tahan banting seperti pak prabowo
596,pak prabowo siap menjadi RI 1
597,prabowo jagoanku
598,"gas terus pak , siap menggantikan pakde jokowi"
599,indonesia butuh nahkoda yang kuat dan tahan banting seperti pak prabowo
600,ğŸ‘
601,"ğŸ”¥ğŸ˜â¤ï¸ ,.. ğŸ¥º rindu"
602,prabowo indonesia 1
603,prabowo presidenku
604,prabowo indonesia 1
605,prabowo subianto nahkoda bangsa
606,prabowo subianto nahkoda bangsa
607,@prabowo presiden ğŸ‡®ğŸ‡©
608,#kodeprabowoindonesia1
609,prabowo indonesia 1
610,prabowo amazing leader
611,Kenapa ga foto sama ibu mega terus di update itu kan lebih sejuk pak @prabowo  jdi spekulasi publik tidak kemana2 untuk mencairkan suasana padahal disitu ada bu mega
612,prabowo siap menahkodai indonesia menuju tak terbatas dan melampauinya
613,prabowo siap menjadi presiden
614,sangat luar biasa dua tokoh politik ini
615,saya senang pak prabowo siap menahkodai indonesia
616,prabowo subianto idolaku
617,dua tokoh nasionalis yang mati
618,indonesia butuh nahkoda yang kuat dan tahan banting seperti pak prabowo
619,prabowo is number one
620,dua tokoh nasionalis yang mati
621,prabowo subianto idolaku
622,prabowo subianto nahkoda bangsa
623,wow kerenğŸ˜
624,ğŸ˜ğŸ˜ğŸ˜ğŸ˜ğŸ˜
625,â¤ï¸â¤ï¸â¤ï¸â¤ï¸â¤ï¸â¤ï¸â¤ï¸
626,All in prabowo ğŸ”¥ğŸ”¥
627,â¤ï¸â¤ï¸â¤ï¸â¤ï¸â¤ï¸â¤ï¸
628,â¤ï¸â¤ï¸
629,â¤ï¸â¤ï¸â¤ï¸â¤ï¸â¤ï¸â¤ï¸â¤ï¸â¤ï¸â¤ï¸â¤ï¸â¤ï¸â¤ï¸â¤ï¸â¤ï¸
630,All in PrabowoğŸ”¥ğŸ™Œ
631,All in Prabowo Subianto 2024 ğŸ”¥
632,ğŸ”¥ğŸ”¥ğŸ”¥ğŸ”¥ğŸ”¥ğŸ”¥ Owo gass
633,Tim Prabowo â€”â€”â€”â€”â€”>
634,Tahun depan bapakâ¤ï¸ğŸ™Œ
635,"yang lain mana bisa gagah gini, bisa nya cuma jelekin doangğŸ˜‚"
636,Beribawa sekali pak â¤ï¸â¤ï¸
637,"Pak, kelola komcad dong"
638,Cie cieeee 2024 optimis Prabowo presiden ğŸ™ŒğŸ”¥
639,Presiden RI ke 7 bersama Presiden RI ke 8
640,â¤ï¸â¤ï¸
641,â¤ï¸ğŸ˜â¤ï¸ğŸ˜â¤ï¸â¤ï¸ğŸ˜
642,Bapakkkkkkâ¤ï¸â¤ï¸â¤ï¸â¤ï¸â¤ï¸
643,"Mantapp lanjutkan pak 2024 ,semoga TNI polri makin kuat dan mengayomi ğŸ™ŒğŸ”¥"
644,Keren bapak gwâ¤ï¸â¤ï¸â¤ï¸â¤ï¸â¤ï¸â¤ï¸â¤ï¸â¤ï¸â¤ï¸ğŸ˜
645,#prabowopresiden
646,BismillahğŸ˜‡ pak prabowo Ri 1 2024 Aminn
647,2024 all in pak prabowoğŸ™Œ
648,ğŸ”¥ğŸ”¥ğŸ”¥ğŸ”¥
649,Prabowo Presiden 2024
650,HIM
651,"Sdh kuduga, stlh p jokowi mendukung pak ganjar, pasti setelah ini posting pak jokowi terus. Wait & see.. next.."
652,Presidenku 2024ğŸ”¥â¤ï¸
653,Slide 9 ğŸ˜â¤ï¸ğŸ”¥ğŸ”¥
654,Dirgahayu TNI RI. TNI makin kuat dan Indonesia disegani dunia. Terimakasih Pak @prabowo.
655,NEXT PRESIDEN ğŸ”¥
656,Bapak Prabowo gokil
657,ğŸ˜ ğŸ«¡
658,2024 all in prabowo ğŸ”¥
659,Presiden Jokowi bersama Presiden PrabowoğŸ”¥ğŸ‡®ğŸ‡©
660,KerenğŸ‘ğŸ‘ğŸ‘
661,Ganteng banget presidenku ğŸ˜
662,All IN BAPAK PRABOWO SUBIANTO.
663,Pak kpn nih Indonesia nambah rudal lgi biar makin sangar TNI kita
664,â¤ï¸
665,Insyaa Allah 2024 #PrabowoPresiden
666,Prabowoku
667,"Bapak role model saya pak dari 2014 kemarinğŸ”¥ğŸ”¥ğŸ”¥ mudah""an sukses ya pak 2024 nanti #prabowopresiden"
668,Bismillah 2024 Prabowo Presiden
669,"ğŸ’™ğŸ’™ğŸ’™ğŸ’™
.
.
JuallllFollloowweerrNyaa kakakğŸ’™ğŸ’™ğŸ’™"
670,mantull
671,#prabowopresiden #prabowountuksemua ğŸ˜
672,Mantap pisan
673,Bagus banget
674,Hade kie ey
675,ALL IN PRABOWO â¤ï¸
676,ğŸ˜â¤ï¸
677,SBY ga punya muka wkwkwkwk
678,"Umur 72 tapi semangatnya 45,mantap calon RI1ğŸ«¡"
679,"@prabowo @jokowi dua sahabat sejati yang di pisahkan sama emakğŸ˜‘. Inshallah Pak Jokowi membantu mendukung @prabowo jadi pemimpin bangsa di tahun depan aamiin , Yo ta gak mas bro @kaesangp @gibran_rakabuming"
680,Hadiiir!
681,Sehat sehat pak
682,Setelah ini jatahnya Pak Prabowo (presiden jokowi)
683,ğŸ”¥
684,Sehat sehat ya pak
685,Pak Bowo gagah banget ....
686,"Pak Prabowo seorng bakal calon presiden tantangan anda bisa TDK mengeluarkan/mengesahkan lembaran uang 500 ribuan , kalau bisa hebat .."
687,God bless you!
688,Bagus banget
689,DIRGAHAYU TNI YG KE 78. Maju terus JENDERAL
690,prabowo jagoanku
691,Bagus banget!
692,"Sehat selalu Pak @prabowo .. tokoh persatuan bangsa, calon Presiden RI terbaik ğŸ™ğŸ™"
693,Sehat selaluu pak
694,prabowo indonesia 1
695,Sehat selalu pak bowo
696,2024 prabowo harga mati
697,prabowo amazing leader
698,ğŸ˜
699,"matian membangun bangsa , pak jokowi dan pak prabowo semoga anda berdua diberikan kesehatan dan umur panjang"
700,pak tadi say nnton bapak di tv... lagi makan saya keselek pak.. liat bapak senyum ganteng bangetttğŸ˜­ğŸ˜­ğŸ˜­
701,Sehat sehat bapak
702,Harga mati prabowo selamanya!!
703,"Ada pak Yudhoyono juga itu, sudah masuk Koalisi Pak Prabowo Subianto juga jadi lebih Kuat koalisi nya Pak Prabowo sekarang"
704,Orang cerdas pilih prabowo pastiğŸ˜
705,#2024PRABOWOPRESIDENğŸ‡®ğŸ‡©
706,keren banget kedua orang ini ya ges ya
707,Anak muda all in Prabowo ğŸ”¥
708,ğŸ”¥â¤ï¸
709,Sehat selalu bapakğŸ¤²ğŸ»ğŸ«¶ğŸ»
710,prabowo the next president of republic indonesia
711,Maa Syaa Allah 11 menit yang laluğŸ˜ğŸ™Œâ¤ï¸
712,Pak udah ngopi?
713,"MASYA ALLAH TABARAKALLAH, SEHAT SELALU BAPAK @prabowo PRESIDEN RI 2024 ğŸ¤²ğŸ¤ğŸ‡®ğŸ‡©"
714,Gass pak!
715,PresidenkuğŸ”¥
716,Medan hadir. Horaass!!
717,Baru beberapa menit yg ngelike udah 200 rb an lebih
718,Sidikalang hadiiir. Horaass!!
719,Prabowo masa lalu Anies masa depan
720,prabowo amazing leader
721,slide 9...ğŸ™â¤ï¸â¤ï¸
722,udah pasrah gatau lagi gimana caranya ngecilin perut sama lengan ini ada saran kahğŸ¥º
723,Wah Demokrat masuk kabinet jokowi
724,pak tahun depan kami buat bapak bisa menginjakan kaki bapak di karpet merah.. Amiin..
725,Ada pak SBY . SMOGA PAK PRABOWO JD PRESIDEN
726,Fotonyaaa
727,Smangat Bapakâ¤ï¸â¤ï¸
728,Terbaeeekkk!
729,Terbaeeekkk!
730,"Kurs inimah fotonya, berchandyaa berchandyaa"
731,Jendral yang Santun dan berjiwa besar.  Sehat dan sukses terus ya pak.
732,Panutanku!
733,Prabowo the next PresidenğŸ”¥
734,Inspirasiku!
735,Next presiden 2024â¤ï¸â¤ï¸ğŸ”¥
736,ğŸ‘ğŸ‘ğŸ˜
737,Ayo Tembuskan 500rb like ğŸ”¥
738,Slide 1: Pak Jokowi bersama Presiden Indonesia 2024 Prabowo SubiantoğŸ”¥
739,Ini presiden aing
740,ğŸ”¥ğŸ”¥ PRESIDEN
741,pak jokowi dan pak prabowo terlihat sangat tulus kepada rakyat
742,ttp fokus....sampai menjd RI 1
743,Dari timur untuk prabowo
744,Harusnya si Dudung munduran ya.. scara yg Panglima kan bukan dia
745,Serem kalau liat tni banyak pangkatnya kaya mantan presiden ke 6 sby
746,Beta punya presiden
747,Presiden beta
748,2024 insha allah bapa memimpin
749,"TNI Patriot NKRI
Pengawal Demokrasi Untuk
INDONESIA MAJU"
750,Aku koncomu paaak
751,Bpk guehhğŸ¥°
752,Pak aku dulur mu
753,"Bapak Prabowo Terbaik,sehat selalu ya Pak @prabowo"
754,PRESIDENNNNNNğŸ˜
